{
  "cascade_bias": [ 0.0, 0.0, 0.0, 0.0 ],
  "cascade_slope_bias": [ 0.0, 0.0, 0.0, 0.0 ],
  "cascade_light_quantization_steps": [ 2000, 1900, 1800, 1700 ],
  "cascade_resolution": [ 2048, 2048, 2048, 2048 ],
  "num_cascade_levels": 4,
  "num_variable_cascade_levels": 2,
  "normal_offset_strength": 0.065,
  "shadow_range": {
    "near": 0.025,
    "far": 512.0
  },
  "max_shadow_distance": 80.0,
  "cascade_range": [ 0.1666, 0.3333, 0.5, 1.0 ],
  "cascade_pcf_width": [ 4.0, 512.0, 1024.0, 1024.0 ],
  "shadow_clamp_angle": 0,
  "cloud_shadow_contribution": 0.4,
  "cloud_shadow_pcf_width": 16.0,
  "cloud_shadow_quantization_steps": 7200,
  "sun_shadows": true,
  "moon_shadows": true,
  "cloud_shadows": false
}
