﻿{
"resource_pack_name":"neapik_rtx",
"texture_name":"atlas.terrain",
"padding":0,
"num_mip_levels":0,
"texture_data":
{
	
	"redstone_ore_lit":{
	"textures":"textures/blocks/redstone_ore_lit"
	},

	"deepslate_redstone_ore_lit":{
	"textures":"textures/blocks/deepslate/deepslate_redstone_ore_lit"
	},
	
	"pumpkin_face_on_lit":{
	"textures":"textures/blocks/pumpkin_face_on_lit"
	},
	
	"pumpkin_side_lit":{
	"textures":"textures/blocks/pumpkin_side_lit"
	},

	"pumpkin_top_lit":{
	"textures":"textures/blocks/pumpkin_top_lit"
	},
	
	"chiseled_bookshelf_front":{
	"textures":
	[
	"textures/blocks/chiseled_bookshelf/chiseled_bookshelf_00",
	"textures/blocks/chiseled_bookshelf/chiseled_bookshelf_00",
	"textures/blocks/chiseled_bookshelf/chiseled_bookshelf_00",
	"textures/blocks/chiseled_bookshelf/chiseled_bookshelf_00",
	"textures/blocks/chiseled_bookshelf/chiseled_bookshelf_01",
	"textures/blocks/chiseled_bookshelf/chiseled_bookshelf_01",
	"textures/blocks/chiseled_bookshelf/chiseled_bookshelf_01",
	"textures/blocks/chiseled_bookshelf/chiseled_bookshelf_01",
	"textures/blocks/chiseled_bookshelf/chiseled_bookshelf_02",
	"textures/blocks/chiseled_bookshelf/chiseled_bookshelf_02",
	"textures/blocks/chiseled_bookshelf/chiseled_bookshelf_02",
	"textures/blocks/chiseled_bookshelf/chiseled_bookshelf_02",
	"textures/blocks/chiseled_bookshelf/chiseled_bookshelf_03",
	"textures/blocks/chiseled_bookshelf/chiseled_bookshelf_03",
	"textures/blocks/chiseled_bookshelf/chiseled_bookshelf_03",
	"textures/blocks/chiseled_bookshelf/chiseled_bookshelf_03",
	"textures/blocks/chiseled_bookshelf/chiseled_bookshelf_04",
	"textures/blocks/chiseled_bookshelf/chiseled_bookshelf_04",
	"textures/blocks/chiseled_bookshelf/chiseled_bookshelf_04",
	"textures/blocks/chiseled_bookshelf/chiseled_bookshelf_04",
	"textures/blocks/chiseled_bookshelf/chiseled_bookshelf_05",
	"textures/blocks/chiseled_bookshelf/chiseled_bookshelf_05",
	"textures/blocks/chiseled_bookshelf/chiseled_bookshelf_05",
	"textures/blocks/chiseled_bookshelf/chiseled_bookshelf_05",
	"textures/blocks/chiseled_bookshelf/chiseled_bookshelf_06",
	"textures/blocks/chiseled_bookshelf/chiseled_bookshelf_06",
	"textures/blocks/chiseled_bookshelf/chiseled_bookshelf_06",
	"textures/blocks/chiseled_bookshelf/chiseled_bookshelf_06",
	"textures/blocks/chiseled_bookshelf/chiseled_bookshelf_07",
	"textures/blocks/chiseled_bookshelf/chiseled_bookshelf_07",
	"textures/blocks/chiseled_bookshelf/chiseled_bookshelf_07",
	"textures/blocks/chiseled_bookshelf/chiseled_bookshelf_07",
	"textures/blocks/chiseled_bookshelf/chiseled_bookshelf_08",
	"textures/blocks/chiseled_bookshelf/chiseled_bookshelf_08",
	"textures/blocks/chiseled_bookshelf/chiseled_bookshelf_08",
	"textures/blocks/chiseled_bookshelf/chiseled_bookshelf_08",
	"textures/blocks/chiseled_bookshelf/chiseled_bookshelf_09",
	"textures/blocks/chiseled_bookshelf/chiseled_bookshelf_09",
	"textures/blocks/chiseled_bookshelf/chiseled_bookshelf_09",
	"textures/blocks/chiseled_bookshelf/chiseled_bookshelf_09",
	"textures/blocks/chiseled_bookshelf/chiseled_bookshelf_10",
	"textures/blocks/chiseled_bookshelf/chiseled_bookshelf_10",
	"textures/blocks/chiseled_bookshelf/chiseled_bookshelf_10",
	"textures/blocks/chiseled_bookshelf/chiseled_bookshelf_10",
	"textures/blocks/chiseled_bookshelf/chiseled_bookshelf_11",
	"textures/blocks/chiseled_bookshelf/chiseled_bookshelf_11",
	"textures/blocks/chiseled_bookshelf/chiseled_bookshelf_11",
	"textures/blocks/chiseled_bookshelf/chiseled_bookshelf_11",
	"textures/blocks/chiseled_bookshelf/chiseled_bookshelf_12",
	"textures/blocks/chiseled_bookshelf/chiseled_bookshelf_12",
	"textures/blocks/chiseled_bookshelf/chiseled_bookshelf_12",
	"textures/blocks/chiseled_bookshelf/chiseled_bookshelf_12",
	"textures/blocks/chiseled_bookshelf/chiseled_bookshelf_13",
	"textures/blocks/chiseled_bookshelf/chiseled_bookshelf_13",
	"textures/blocks/chiseled_bookshelf/chiseled_bookshelf_13",
	"textures/blocks/chiseled_bookshelf/chiseled_bookshelf_13",
	"textures/blocks/chiseled_bookshelf/chiseled_bookshelf_14",
	"textures/blocks/chiseled_bookshelf/chiseled_bookshelf_14",
	"textures/blocks/chiseled_bookshelf/chiseled_bookshelf_14",
	"textures/blocks/chiseled_bookshelf/chiseled_bookshelf_14",
	"textures/blocks/chiseled_bookshelf/chiseled_bookshelf_15",
	"textures/blocks/chiseled_bookshelf/chiseled_bookshelf_15",
	"textures/blocks/chiseled_bookshelf/chiseled_bookshelf_15",
	"textures/blocks/chiseled_bookshelf/chiseled_bookshelf_15",
	"textures/blocks/chiseled_bookshelf/chiseled_bookshelf_16",
	"textures/blocks/chiseled_bookshelf/chiseled_bookshelf_16",
	"textures/blocks/chiseled_bookshelf/chiseled_bookshelf_16",
	"textures/blocks/chiseled_bookshelf/chiseled_bookshelf_16",
	"textures/blocks/chiseled_bookshelf/chiseled_bookshelf_17",
	"textures/blocks/chiseled_bookshelf/chiseled_bookshelf_17",
	"textures/blocks/chiseled_bookshelf/chiseled_bookshelf_17",
	"textures/blocks/chiseled_bookshelf/chiseled_bookshelf_17",
	"textures/blocks/chiseled_bookshelf/chiseled_bookshelf_18",
	"textures/blocks/chiseled_bookshelf/chiseled_bookshelf_18",
	"textures/blocks/chiseled_bookshelf/chiseled_bookshelf_18",
	"textures/blocks/chiseled_bookshelf/chiseled_bookshelf_18",
	"textures/blocks/chiseled_bookshelf/chiseled_bookshelf_19",
	"textures/blocks/chiseled_bookshelf/chiseled_bookshelf_19",
	"textures/blocks/chiseled_bookshelf/chiseled_bookshelf_19",
	"textures/blocks/chiseled_bookshelf/chiseled_bookshelf_19",
	"textures/blocks/chiseled_bookshelf/chiseled_bookshelf_20",
	"textures/blocks/chiseled_bookshelf/chiseled_bookshelf_20",
	"textures/blocks/chiseled_bookshelf/chiseled_bookshelf_20",
	"textures/blocks/chiseled_bookshelf/chiseled_bookshelf_20",
	"textures/blocks/chiseled_bookshelf/chiseled_bookshelf_21",
	"textures/blocks/chiseled_bookshelf/chiseled_bookshelf_21",
	"textures/blocks/chiseled_bookshelf/chiseled_bookshelf_21",
	"textures/blocks/chiseled_bookshelf/chiseled_bookshelf_21",
	"textures/blocks/chiseled_bookshelf/chiseled_bookshelf_22",
	"textures/blocks/chiseled_bookshelf/chiseled_bookshelf_22",
	"textures/blocks/chiseled_bookshelf/chiseled_bookshelf_22",
	"textures/blocks/chiseled_bookshelf/chiseled_bookshelf_22",
	"textures/blocks/chiseled_bookshelf/chiseled_bookshelf_23",
	"textures/blocks/chiseled_bookshelf/chiseled_bookshelf_23",
	"textures/blocks/chiseled_bookshelf/chiseled_bookshelf_23",
	"textures/blocks/chiseled_bookshelf/chiseled_bookshelf_23",
	"textures/blocks/chiseled_bookshelf/chiseled_bookshelf_24",
	"textures/blocks/chiseled_bookshelf/chiseled_bookshelf_24",
	"textures/blocks/chiseled_bookshelf/chiseled_bookshelf_24",
	"textures/blocks/chiseled_bookshelf/chiseled_bookshelf_24",
	"textures/blocks/chiseled_bookshelf/chiseled_bookshelf_25",
	"textures/blocks/chiseled_bookshelf/chiseled_bookshelf_25",
	"textures/blocks/chiseled_bookshelf/chiseled_bookshelf_25",
	"textures/blocks/chiseled_bookshelf/chiseled_bookshelf_25",
	"textures/blocks/chiseled_bookshelf/chiseled_bookshelf_26",
	"textures/blocks/chiseled_bookshelf/chiseled_bookshelf_26",
	"textures/blocks/chiseled_bookshelf/chiseled_bookshelf_26",
	"textures/blocks/chiseled_bookshelf/chiseled_bookshelf_26",
	"textures/blocks/chiseled_bookshelf/chiseled_bookshelf_27",
	"textures/blocks/chiseled_bookshelf/chiseled_bookshelf_27",
	"textures/blocks/chiseled_bookshelf/chiseled_bookshelf_27",
	"textures/blocks/chiseled_bookshelf/chiseled_bookshelf_27",
	"textures/blocks/chiseled_bookshelf/chiseled_bookshelf_28",
	"textures/blocks/chiseled_bookshelf/chiseled_bookshelf_28",
	"textures/blocks/chiseled_bookshelf/chiseled_bookshelf_28",
	"textures/blocks/chiseled_bookshelf/chiseled_bookshelf_28",
	"textures/blocks/chiseled_bookshelf/chiseled_bookshelf_29",
	"textures/blocks/chiseled_bookshelf/chiseled_bookshelf_29",
	"textures/blocks/chiseled_bookshelf/chiseled_bookshelf_29",
	"textures/blocks/chiseled_bookshelf/chiseled_bookshelf_29",
	"textures/blocks/chiseled_bookshelf/chiseled_bookshelf_30",
	"textures/blocks/chiseled_bookshelf/chiseled_bookshelf_30",
	"textures/blocks/chiseled_bookshelf/chiseled_bookshelf_30",
	"textures/blocks/chiseled_bookshelf/chiseled_bookshelf_30",
	"textures/blocks/chiseled_bookshelf/chiseled_bookshelf_31",
	"textures/blocks/chiseled_bookshelf/chiseled_bookshelf_31",
	"textures/blocks/chiseled_bookshelf/chiseled_bookshelf_31",
	"textures/blocks/chiseled_bookshelf/chiseled_bookshelf_31",
	"textures/blocks/chiseled_bookshelf/chiseled_bookshelf_32",
	"textures/blocks/chiseled_bookshelf/chiseled_bookshelf_32",
	"textures/blocks/chiseled_bookshelf/chiseled_bookshelf_32",
	"textures/blocks/chiseled_bookshelf/chiseled_bookshelf_32",
	"textures/blocks/chiseled_bookshelf/chiseled_bookshelf_33",
	"textures/blocks/chiseled_bookshelf/chiseled_bookshelf_33",
	"textures/blocks/chiseled_bookshelf/chiseled_bookshelf_33",
	"textures/blocks/chiseled_bookshelf/chiseled_bookshelf_33",
	"textures/blocks/chiseled_bookshelf/chiseled_bookshelf_34",
	"textures/blocks/chiseled_bookshelf/chiseled_bookshelf_34",
	"textures/blocks/chiseled_bookshelf/chiseled_bookshelf_34",
	"textures/blocks/chiseled_bookshelf/chiseled_bookshelf_34",
	"textures/blocks/chiseled_bookshelf/chiseled_bookshelf_35",
	"textures/blocks/chiseled_bookshelf/chiseled_bookshelf_35",
	"textures/blocks/chiseled_bookshelf/chiseled_bookshelf_35",
	"textures/blocks/chiseled_bookshelf/chiseled_bookshelf_35",
	"textures/blocks/chiseled_bookshelf/chiseled_bookshelf_36",
	"textures/blocks/chiseled_bookshelf/chiseled_bookshelf_36",
	"textures/blocks/chiseled_bookshelf/chiseled_bookshelf_36",
	"textures/blocks/chiseled_bookshelf/chiseled_bookshelf_36",
	"textures/blocks/chiseled_bookshelf/chiseled_bookshelf_37",
	"textures/blocks/chiseled_bookshelf/chiseled_bookshelf_37",
	"textures/blocks/chiseled_bookshelf/chiseled_bookshelf_37",
	"textures/blocks/chiseled_bookshelf/chiseled_bookshelf_37",
	"textures/blocks/chiseled_bookshelf/chiseled_bookshelf_38",
	"textures/blocks/chiseled_bookshelf/chiseled_bookshelf_38",
	"textures/blocks/chiseled_bookshelf/chiseled_bookshelf_38",
	"textures/blocks/chiseled_bookshelf/chiseled_bookshelf_38",
	"textures/blocks/chiseled_bookshelf/chiseled_bookshelf_39",
	"textures/blocks/chiseled_bookshelf/chiseled_bookshelf_39",
	"textures/blocks/chiseled_bookshelf/chiseled_bookshelf_39",
	"textures/blocks/chiseled_bookshelf/chiseled_bookshelf_39",
	"textures/blocks/chiseled_bookshelf/chiseled_bookshelf_40",
	"textures/blocks/chiseled_bookshelf/chiseled_bookshelf_40",
	"textures/blocks/chiseled_bookshelf/chiseled_bookshelf_40",
	"textures/blocks/chiseled_bookshelf/chiseled_bookshelf_40",
	"textures/blocks/chiseled_bookshelf/chiseled_bookshelf_41",
	"textures/blocks/chiseled_bookshelf/chiseled_bookshelf_41",
	"textures/blocks/chiseled_bookshelf/chiseled_bookshelf_41",
	"textures/blocks/chiseled_bookshelf/chiseled_bookshelf_41",
	"textures/blocks/chiseled_bookshelf/chiseled_bookshelf_42",
	"textures/blocks/chiseled_bookshelf/chiseled_bookshelf_42",
	"textures/blocks/chiseled_bookshelf/chiseled_bookshelf_42",
	"textures/blocks/chiseled_bookshelf/chiseled_bookshelf_42",
	"textures/blocks/chiseled_bookshelf/chiseled_bookshelf_43",
	"textures/blocks/chiseled_bookshelf/chiseled_bookshelf_43",
	"textures/blocks/chiseled_bookshelf/chiseled_bookshelf_43",
	"textures/blocks/chiseled_bookshelf/chiseled_bookshelf_43",
	"textures/blocks/chiseled_bookshelf/chiseled_bookshelf_44",
	"textures/blocks/chiseled_bookshelf/chiseled_bookshelf_44",
	"textures/blocks/chiseled_bookshelf/chiseled_bookshelf_44",
	"textures/blocks/chiseled_bookshelf/chiseled_bookshelf_44",
	"textures/blocks/chiseled_bookshelf/chiseled_bookshelf_45",
	"textures/blocks/chiseled_bookshelf/chiseled_bookshelf_45",
	"textures/blocks/chiseled_bookshelf/chiseled_bookshelf_45",
	"textures/blocks/chiseled_bookshelf/chiseled_bookshelf_45",
	"textures/blocks/chiseled_bookshelf/chiseled_bookshelf_46",
	"textures/blocks/chiseled_bookshelf/chiseled_bookshelf_46",
	"textures/blocks/chiseled_bookshelf/chiseled_bookshelf_46",
	"textures/blocks/chiseled_bookshelf/chiseled_bookshelf_46",
	"textures/blocks/chiseled_bookshelf/chiseled_bookshelf_47",
	"textures/blocks/chiseled_bookshelf/chiseled_bookshelf_47",
	"textures/blocks/chiseled_bookshelf/chiseled_bookshelf_47",
	"textures/blocks/chiseled_bookshelf/chiseled_bookshelf_47",
	"textures/blocks/chiseled_bookshelf/chiseled_bookshelf_48",
	"textures/blocks/chiseled_bookshelf/chiseled_bookshelf_48",
	"textures/blocks/chiseled_bookshelf/chiseled_bookshelf_48",
	"textures/blocks/chiseled_bookshelf/chiseled_bookshelf_48",
	"textures/blocks/chiseled_bookshelf/chiseled_bookshelf_49",
	"textures/blocks/chiseled_bookshelf/chiseled_bookshelf_49",
	"textures/blocks/chiseled_bookshelf/chiseled_bookshelf_49",
	"textures/blocks/chiseled_bookshelf/chiseled_bookshelf_49",
	"textures/blocks/chiseled_bookshelf/chiseled_bookshelf_50",
	"textures/blocks/chiseled_bookshelf/chiseled_bookshelf_50",
	"textures/blocks/chiseled_bookshelf/chiseled_bookshelf_50",
	"textures/blocks/chiseled_bookshelf/chiseled_bookshelf_50",
	"textures/blocks/chiseled_bookshelf/chiseled_bookshelf_51",
	"textures/blocks/chiseled_bookshelf/chiseled_bookshelf_51",
	"textures/blocks/chiseled_bookshelf/chiseled_bookshelf_51",
	"textures/blocks/chiseled_bookshelf/chiseled_bookshelf_51",
	"textures/blocks/chiseled_bookshelf/chiseled_bookshelf_52",
	"textures/blocks/chiseled_bookshelf/chiseled_bookshelf_52",
	"textures/blocks/chiseled_bookshelf/chiseled_bookshelf_52",
	"textures/blocks/chiseled_bookshelf/chiseled_bookshelf_52",
	"textures/blocks/chiseled_bookshelf/chiseled_bookshelf_53",
	"textures/blocks/chiseled_bookshelf/chiseled_bookshelf_53",
	"textures/blocks/chiseled_bookshelf/chiseled_bookshelf_53",
	"textures/blocks/chiseled_bookshelf/chiseled_bookshelf_53",
	"textures/blocks/chiseled_bookshelf/chiseled_bookshelf_54",
	"textures/blocks/chiseled_bookshelf/chiseled_bookshelf_54",
	"textures/blocks/chiseled_bookshelf/chiseled_bookshelf_54",
	"textures/blocks/chiseled_bookshelf/chiseled_bookshelf_54",
	"textures/blocks/chiseled_bookshelf/chiseled_bookshelf_55",
	"textures/blocks/chiseled_bookshelf/chiseled_bookshelf_55",
	"textures/blocks/chiseled_bookshelf/chiseled_bookshelf_55",
	"textures/blocks/chiseled_bookshelf/chiseled_bookshelf_55",
	"textures/blocks/chiseled_bookshelf/chiseled_bookshelf_56",
	"textures/blocks/chiseled_bookshelf/chiseled_bookshelf_56",
	"textures/blocks/chiseled_bookshelf/chiseled_bookshelf_56",
	"textures/blocks/chiseled_bookshelf/chiseled_bookshelf_56",
	"textures/blocks/chiseled_bookshelf/chiseled_bookshelf_57",
	"textures/blocks/chiseled_bookshelf/chiseled_bookshelf_57",
	"textures/blocks/chiseled_bookshelf/chiseled_bookshelf_57",
	"textures/blocks/chiseled_bookshelf/chiseled_bookshelf_57",
	"textures/blocks/chiseled_bookshelf/chiseled_bookshelf_58",
	"textures/blocks/chiseled_bookshelf/chiseled_bookshelf_58",
	"textures/blocks/chiseled_bookshelf/chiseled_bookshelf_58",
	"textures/blocks/chiseled_bookshelf/chiseled_bookshelf_58",
	"textures/blocks/chiseled_bookshelf/chiseled_bookshelf_59",
	"textures/blocks/chiseled_bookshelf/chiseled_bookshelf_59",
	"textures/blocks/chiseled_bookshelf/chiseled_bookshelf_59",
	"textures/blocks/chiseled_bookshelf/chiseled_bookshelf_59",
	"textures/blocks/chiseled_bookshelf/chiseled_bookshelf_60",
	"textures/blocks/chiseled_bookshelf/chiseled_bookshelf_60",
	"textures/blocks/chiseled_bookshelf/chiseled_bookshelf_60",
	"textures/blocks/chiseled_bookshelf/chiseled_bookshelf_60",
	"textures/blocks/chiseled_bookshelf/chiseled_bookshelf_61",
	"textures/blocks/chiseled_bookshelf/chiseled_bookshelf_61",
	"textures/blocks/chiseled_bookshelf/chiseled_bookshelf_61",
	"textures/blocks/chiseled_bookshelf/chiseled_bookshelf_61",
	"textures/blocks/chiseled_bookshelf/chiseled_bookshelf_62",
	"textures/blocks/chiseled_bookshelf/chiseled_bookshelf_62",
	"textures/blocks/chiseled_bookshelf/chiseled_bookshelf_62",
	"textures/blocks/chiseled_bookshelf/chiseled_bookshelf_62",
	"textures/blocks/chiseled_bookshelf/chiseled_bookshelf_63",
	"textures/blocks/chiseled_bookshelf/chiseled_bookshelf_63",
	"textures/blocks/chiseled_bookshelf/chiseled_bookshelf_63",
	"textures/blocks/chiseled_bookshelf/chiseled_bookshelf_63"
	]
	}
	
}
}
//NEAPIK RTX Vanilla