{
	"format_version": "1.16.0",
	"minecraft:geometry": [
		{
			"description": {
				"identifier": "geometry.beacon",
				"texture_width": 32,
				"texture_height": 32,
				"visible_bounds_width": 24,
				"visible_bounds_height": 12,
				"visible_bounds_offset": [0, 3, 0]
			},
			"bones": [
				{
					"name": "bone",
					"pivot": [0, 0, 0],
					"cubes": [
						{
							"origin": [-45, 0, -25],
							"size": [90, 50, 1],
							"uv": {
								"south": {"uv": [1, 1], "uv_size": [14, 14]}
							}
						}
					]
				},
				{
					"name": "right_item",
					"pivot": [0, 0, 0],
					"binding": "q.item_slot_to_bone_name(c.item_slot)",
					"cubes": [
					{
							"origin": [-7.3, 0.13, 4.1],
							"size": [5.9, 6.5, 5.9],
							"pivot": [-4.00061, -0.58621, 7.3542],
							"rotation": [72.5, -10, 57.5],
							"uv": {
								"north": {"uv": [3, 2], "uv_size": [10, 11]},
								"east": {"uv": [3, 2], "uv_size": [10, 11]},
								"south": {"uv": [3, 2], "uv_size": [10, 11]},
								"west": {"uv": [3, 2], "uv_size": [10, 11]},
								"up": {"uv": [13, 13], "uv_size": [-10, -10]},
								"down": {"uv": [13, 13], "uv_size": [-10, -10]}
						}
						},
						{
							"origin": [-7.9, -1.35, 3.5],
							"size": [7.1, 1.5, 7.1],
							"pivot": [-4.00061, -0.58621, 7.3542],
							"rotation": [72.5, -10, 57.5],
							"uv": {
								"north": {"uv": [30, 16], "uv_size": [-12, -3]},
								"east": {"uv": [18, 13], "uv_size": [12, 3]},
								"south": {"uv": [18, 13], "uv_size": [12, 3]},
								"west": {"uv": [18, 13], "uv_size": [12, 3]},
								"up": {"uv": [30, 14], "uv_size": [-12, -12]},
								"down": {"uv": [30, 14], "uv_size": [-12, -12]}
							}
						}
					]
				},
				{
					"name": "glass",
					"parent": "right_item",
					"pivot": [0, 0, 0],
					"cubes": [
					{
							"origin": [-9.1, -5.3, -1.46],
							"size": [9.5, 9.5, 9.5],
							"pivot": [-3.5, -1.7, 3.5],
							"rotation": [-17.5, -10, 57.5],
							"uv": {
								"north": {"uv": [16, 32], "uv_size": [-16, -16]},
								"east": {"uv": [0, 16], "uv_size": [16, 16]},
								"south": {"uv": [0, 16], "uv_size": [16, 16]},
								"west": {"uv": [0, 16], "uv_size": [16, 16]},
								"up": {"uv": [16, 32], "uv_size": [-16, -16]},
								"down": {"uv": [16, 32], "uv_size": [-16, -16]}
						}
					}
				]
			  }
			]
		}
	]
}