{
	"format_version": "1.16.0",
	"minecraft:geometry": [
		{
			"description": {
				"identifier": "geometry.end_rod",
				"texture_width": 16,
				"texture_height": 16,
				"visible_bounds_width": 24,
				"visible_bounds_height": 12,
				"visible_bounds_offset": [0, 3, 0]
			},
			"bones": [
				{
					"name": "bone",
					"pivot": [0, 0, 0],
					"cubes": [
						{
							"origin": [-45, 0, -25],
							"size": [90, 50, 1],
							"uv": {
								"south": {"uv": [0, 0], "uv_size": [2, 14]}
							}
						}
					]
				},
				{
					"name": "right_item",
					"pivot": [0, 0, 0],
					"binding": "q.item_slot_to_bone_name(c.item_slot)",
					"cubes": [
						{
							"origin": [-5, -3, -1.55],
							"size": [2.5, 2.5, 9.8],
							"inflate": -0.72,
							"pivot": [-3.5, -1.7, 3.5],
							"rotation": [-17.5, -10, 57.5],
							"uv": {
								"north": {"uv": [4, 2], "uv_size": [-2, -2]},
								"east": {"uv": [1, 14], "uv_size": [15, 2]},
								"south": {"uv": [2, 0], "uv_size": [2, 2]},
								"west": {"uv": [1, 14], "uv_size": [15, 2]},
								"up": {"uv": [2, 15], "uv_size": [-2, -15]},
								"down": {"uv": [2, 15], "uv_size": [-2, -15]}
							}
						},
						{
							"origin": [-5.8, -3.8, 6.5],
							"size": [4.1, 4.1, 2.5],
							"inflate": -1,
							"pivot": [-3.5, -1.7, 3.5],
							"rotation": [-17.5, -10, 57.5],
							"uv": {
								"north": {"uv": [6, 6], "uv_size": [-4, -4]},
								"east": {"uv": [6, 3], "uv_size": [1, 4]},
								"south": {"uv": [2, 2], "uv_size": [4, 4]},
								"west": {"uv": [6, 3], "uv_size": [1, 4]},
								"up": {"uv": [6, 7], "uv_size": [-4, -1]},
								"down": {"uv": [6, 7], "uv_size": [-4, -1]}
							}
						}
					]
				}
			]
		}
	]
}