{
	"format_version": "1.16.0",
	"minecraft:geometry": [
		{
			"description": {
				"identifier": "geometry.lit_pumpkin",
				"texture_width": 32,
				"texture_height": 32,
				"visible_bounds_width": 24,
				"visible_bounds_height": 12,
				"visible_bounds_offset": [0, 3, 0]
			},
			"bones": [
				{
					"name": "bone",
					"pivot": [0, 0, 0],
					"cubes": [
						{
							"origin": [-45, 0, -25],
							"size": [90, 50, 1],
							"uv": {
								"south": {"uv": [3, 4], "uv_size": [4, 3]}
							}
						}
					]
				},
				{
					"name": "right_item",
					"pivot": [0, 0, 0],
					"binding": "q.item_slot_to_bone_name(c.item_slot)",
					"cubes": [
						{
							"origin": [-9.1, -5.3, -1.46],
							"size": [9.5, 9.5, 9.5],
							"pivot": [-3.5, -1.7, 3.5],
							"rotation": [-17.5, -10, 57.5],
							"uv": {
								"north": {"uv": [16, 32], "uv_size": [-16, -16]},
								"east": {"uv": [32, 16], "uv_size": [-16, 16]},
								"south": {"uv": [0, 16], "uv_size": [16, 16]},
								"west": {"uv": [0, 0], "uv_size": [16, 16]},
								"up": {"uv": [32, 16], "uv_size": [-16, -16]},
								"down": {"uv": [32, 0], "uv_size": [-16, 16]}
							}
						}
					]
				}
			]
		}
	]
}