{
	"format_version": "1.16.0",
	"minecraft:geometry": [
		{
			"description": {
				"identifier": "geometry.shield",
				"texture_width": 64,
				"texture_height": 64,
				"visible_bounds_width": 7,
				"visible_bounds_height": 5,
				"visible_bounds_offset": [0, 1.5, 0]
			},
			"bones": [
				{
					"name": "shield",
					"pivot": [1, 15.5, 3],
					"binding": "q.item_slot_to_bone_name(c.item_slot)",
					"cubes": [
						{"origin": [0, 25, 0], "size": [2, 6, 6], "uv": [26, 0]},
						{
							"origin": [0, 26, 1],
							"size": [2, 4, 4],
							"inflate": 0.01,
							"uv": {
								"north": {"uv": [29, 18], "uv_size": [2, 4]},
								"south": {"uv": [29, 18], "uv_size": [2, 4]},
								"up": {"uv": [29, 18], "uv_size": [2, 4]},
								"down": {"uv": [29, 22], "uv_size": [2, -4]}
							}
						},
						{"origin": [-5, 17, -1], "size": [12, 22, 1], "uv": [0, 0]}
					]
				},
				{
					"name": "torch_r",
					"parent": "shield",
					"pivot": [0, 0, 0],
					"cubes": [
						{
							"origin": [-5.999, 36, -1],
							"size": [1, 5, 1],
							"uv": {
								"north": {"uv": [26, 13], "uv_size": [2, 10]},
								"east": {"uv": [26, 13], "uv_size": [2, 10]},
								"south": {"uv": [26, 13], "uv_size": [2, 10]},
								"west": {"uv": [26, 13], "uv_size": [2, 10]},
								"up": {"uv": [26, 13], "uv_size": [2, 2]},
								"down": {"uv": [26, 23], "uv_size": [2, -2]}
							}
						}
					]
				},
				{
					"name": "loop_r",
					"parent": "torch_r",
					"pivot": [0, 0, 0],
					"cubes": [
						{
							"origin": [-6.05, 37, -1.05],
							"size": [1.05, 1, 1.1],
							"uv": {
								"north": {"uv": [1, 2], "uv_size": [1, 1]},
								"east": {"uv": [1, 1], "uv_size": [1, 1]},
								"south": {"uv": [25, 2], "uv_size": [1, 1]},
								"west": {"uv": [25, 2], "uv_size": [1, 1]}
							}
						}
					]
				},
				{
					"name": "torch_l",
					"parent": "shield",
					"pivot": [13, 0, 0],
					"cubes": [
						{
							"origin": [7.001, 36, -1],
							"size": [1, 5, 1],
							"uv": {
								"north": {"uv": [26, 13], "uv_size": [2, 10]},
								"east": {"uv": [26, 13], "uv_size": [2, 10]},
								"south": {"uv": [26, 13], "uv_size": [2, 10]},
								"west": {"uv": [26, 13], "uv_size": [2, 10]},
								"up": {"uv": [26, 13], "uv_size": [2, 2]},
								"down": {"uv": [26, 23], "uv_size": [2, -2]}
							}
						}
					]
				},
				{
					"name": "loop_l",
					"parent": "torch_l",
					"pivot": [13, 0, 0],
					"cubes": [
						{
							"origin": [7, 37, -1.05],
							"size": [1.05, 1, 1.1],
							"uv": {
								"north": {"uv": [1, 2], "uv_size": [1, 1]},
								"east": {"uv": [1, 1], "uv_size": [1, 1]},
								"south": {"uv": [25, 2], "uv_size": [1, 1]},
								"west": {"uv": [25, 2], "uv_size": [1, 1]}
							}
						}
					]
				},
				{
					"name": "bone",
					"pivot": [0, 0, 0],
					"cubes": [
						{
							"origin": [-45, 0, -25.1],
							"size": [90, 50, 1],
							"uv": {
								"south": {"uv": [26.5, 13], "uv_size": [1.4, 1.3]}
							}
						}
					]
				}
			]
		}
	]
}