{
	"format_version": "1.16.0",
	"minecraft:geometry": [
		{
			"description": {
				"identifier": "geometry.trident",
				"texture_width": 32,
				"texture_height": 32,
				"visible_bounds_width": 7,
				"visible_bounds_height": 4.5,
				"visible_bounds_offset": [0, 1.75, 0]
			},
			"bones": [
				{
					"name": "bone",
					"pivot": [0, 0, 0],
					"cubes": [
						{
							"origin": [-45, 0, -25],
							"size": [90, 50, 1],
							"uv": {
								"south": {"uv": [0, 1], "uv_size": [4, 5]}
							}
						}
					]
				},
				{
					"name": "pole",
					"pivot": [0, 24, 0],
					"binding": "q.item_slot_to_bone_name(c.item_slot)",
					"cubes": [
						{"origin": [-0.5, -3, -0.5], "size": [1, 31, 1], "inflate": 0.01, "uv": [0, 0]},
						{"origin": [-1.5, 22, -0.5], "size": [3, 2, 1], "uv": [4, 0]},
						{"origin": [-2.5, 23, -0.5], "size": [1, 4, 1], "uv": [4, 3]},
						{"origin": [1.5, 23, -0.5], "size": [1, 4, 1], "uv": [4, 3]}
					]
				}
			]
		}
	]
}