{
	"format_version": "1.16.0",
	"minecraft:geometry": [
		{
			"description": {
				"identifier": "geometry.wind_charge_carried",
				"texture_width": 16,
				"texture_height": 16,
				"visible_bounds_width": 24,
				"visible_bounds_height": 12,
				"visible_bounds_offset": [0, 3, 0]
			},
			"bones": [
				{
					"name": "bone",
					"pivot": [0, 0, 0],
					"cubes": [
						{
							"origin": [-45, 0, -25],
							"size": [90, 50, 1],
							"uv": {
								"south": {"uv": [5, 6], "uv_size": [5, 10]}
							}
						}
					]
				},
				{
					"name": "right_item",
					"pivot": [0, 0, 0],
					"binding": "q.item_slot_to_bone_name(c.item_slot)",
					"texture_meshes": [
						{
							"texture": "default",
							"position": [0, 0, 0],
							"local_pivot": [8, 0, 8]
						}
					]
				}
			]
		}
	]
}