{"format_version":"1.21.40","minecraft:color_grading_settings":{"description":{"identifier":"vrd:color_grading"},"color_grading":{"midtones":{"contrast":[1.2,1.2,1.2],"gain":[1,1,1],"gamma":[2.200000047683716,2.200000047683716,2.200000047683716],"offset":[0,0,0],"saturation":[1.05,1.05,1.05]},"highlights":{"enabled":true,"highlightsMin":20,"contrast":[1.2,1.2,1.2],"gain":[1,1,1],"gamma":[2.60000047683716,2.60000047683716,2.60000047683716],"offset":[0,0,0],"saturation":[1.05,1.05,1.05]},"shadows":{"enabled":true,"shadowsMax":0.8699999809265137,"contrast":[1.2,1.2,1.2],"gain":[1,1,1],"gamma":[2.000000047683716,2.000000047683716,2.000000047683716],"offset":[0,0,0],"saturation":[1.05,1.05,1.05]}},"tone_mapping":{"operator":"aces"}}}