{"format_version":"1.21.80","minecraft:water_settings":{"description":{"identifier":"minecraft:default_water"},"particle_concentrations":{"chlorophyll":0,"suspended_sediment":0,"cdom":4.05},"caustics":{"enabled":true,"frame_length":0.015,"texture":"","scale":0.5018000013679266,"power":1},"waves":{"enabled":true,"frequency":0.7724499998334795,"octaves":28,"depth":0.18,"sampleWidth":0.009999999776482582,"speed":3.3766299998518083,"pull":-0.29400000000000004,"mix":0.245,"frequency_scaling":1.196,"speed_scaling":1.108,"direction_increment":360,"shape":1.387}}}