{
  "format_version": "1.21.60",
  "cascades" : [
    [
      {
        "has_static_geometry": true,
        "has_dynamic_geometry": true,
        "bias": 0.000275,
        "slope_bias": 0.00042,
        "resolution": 2048,
        "light_quantization_steps": 1800,
        "range": 1.0,
        "update_frequency": 1,
        "update_offset": 0,
        "pcf_width": 2.0
      }
    ]
  ],
  "normal_offset_strength": 0.065,
  "shadow_range": {
    "near": 0.025,
    "far": 128.0
  },
  "max_shadow_distance": 128.0,
  "shadow_clamp_angle": 30,
  "cloud_shadow_contribution": 0.4,
  "cloud_shadow_pcf_width": 1.0,
  "cloud_shadow_quantization_steps": 7200,
  "sun_shadows": true,
  "moon_shadows": true,
  "cloud_shadows": true
}
