{
  "format_version": "1.21.60",
  "minecraft:client_biome": {
    "description": {
      "identifier": "basalt_deltas"
    },
    "components": {
      "minecraft:fog_appearance": {
        "fog_identifier": "minecraft_rtx:fog_basalt_deltas"
      },
      "minecraft:water_appearance": {
        "surface_color": "#3f76e4"
      },
      "minecraft:ambient_sounds": {
        "addition": "ambient.basalt_deltas.additions",
        "loop": "ambient.basalt_deltas.loop",
        "mood": "ambient.basalt_deltas.mood"
      }
    }
  }
}