{
  "format_version": "1.21.60",
  "minecraft:client_biome": {
    "description": {
      "identifier": "cherry_grove"
    },
    "components": {
      "minecraft:fog_appearance": {
        "fog_identifier": "minecraft_rtx:fog_cherry_grove"
      },
      "minecraft:water_appearance": {
        "surface_color": "#5db7ef"
      },
      "minecraft:foliage_appearance": {
        "color": "#b6db61"
      },
      "minecraft:grass_appearance": {
        "color": "#b6db61"
      }
    }
  }
}