{
  "format_version": "1.21.60",
  "minecraft:client_biome": {
    "description": {
      "identifier": "crimson_forest"
    },
    "components": {
      "minecraft:fog_appearance": {
        "fog_identifier": "minecraft_rtx:fog_crimson_forest"
      },
      "minecraft:water_appearance": {
        "surface_color": "#905957"
      },
      "minecraft:ambient_sounds": {
        "addition": "ambient.crimson_forest.additions",
        "loop": "ambient.crimson_forest.loop",
        "mood": "ambient.crimson_forest.mood"
      }
    }
  }
}