{
  "format_version": "1.21.60",
  "minecraft:client_biome": {
    "description": {
      "identifier": "mangrove_swamp"
    },
    "components": {
      "minecraft:fog_appearance": {
        "fog_identifier": "minecraft_rtx:fog_mangrove_swamp"
      },
      "minecraft:water_appearance": {
        "surface_color": "#238E72"
      },
      "minecraft:foliage_appearance": {
        "color": {
          "color_map": "mangrove_swamp_foliage"
        }
      },
      "minecraft:grass_appearance": {
        "color": {
          "color_map": "swamp_grass"
        }
      }
    }
  }
}