{
  "format_version": "1.21.60",
  "minecraft:client_biome": {
    "description": {
      "identifier": "mesa_plateau_stone_mutated"
    },
    "components": {
      "minecraft:fog_appearance": {
        "fog_identifier": "minecraft_rtx:fog_mesa_plateau_stone_mutated"
      },
      "minecraft:water_appearance": {
        "surface_color": "#44AFF5"
      },
      "minecraft:foliage_appearance": {
        "color": "#aea42a"
      },
      "minecraft:grass_appearance": {
        "color": "#90814d"
      }
    }
  }
}