{
  "format_version": "1.21.60",
  "minecraft:client_biome": {
    "description": {
      "identifier": "pale_garden"
    },
    "components": {
      "minecraft:sky_color": {
        "sky_color": "#b9b9b9"
      },
      "minecraft:fog_appearance": {
        "fog_identifier": "minecraft_rtx:fog_pale_garden"
      },
      "minecraft:water_appearance": {
        "surface_color": "#0059BF"
      },
      "minecraft:biome_music": {
        "volume_multiplier": 0
      },
      "minecraft:foliage_appearance": {
        "color": "#878d76"
      },
      "minecraft:grass_appearance": {
        "color": "#778272"
      }
    }
  }
}