{
  "format_version": "1.21.60",
  "minecraft:client_biome": {
    "description": {
      "identifier": "soulsand_valley"
    },
    "components": {
      "minecraft:fog_appearance": {
        "fog_identifier": "minecraft_rtx:fog_soulsand_valley"
      },
      "minecraft:water_appearance": {
        "surface_color": "#905957"
      },
      "minecraft:ambient_sounds": {
        "addition": "ambient.soulsand_valley.additions",
        "loop": "ambient.soulsand_valley.loop",
        "mood": "ambient.soulsand_valley.mood"
      }
    }
  }
}