{
  "format_version": "1.21.60",
  "minecraft:client_biome": {
    "description": {
      "identifier": "swampland"
    },
    "components": {
      "minecraft:fog_appearance": {
        "fog_identifier": "minecraft_rtx:fog_swampland"
      },
      "minecraft:water_appearance": {
        "surface_color": "#2D7F58",
        "surface_opacity": 1.0
      },
      "minecraft:foliage_appearance": {
        "color": {
          "color_map": "swamp_foliage"
        }
      },
      "minecraft:grass_appearance": {
        "color": {
          "color_map": "swamp_grass"
        }
      }
    }
  }
}