{
  "format_version": "1.21.0",
  "minecraft:fog_settings": {
    "description": {
      "identifier": "minecraft_rtx:fog_cherry_grove"
    },
    "distance": {
      "water": {
        "fog_start": 0.4312,
        "fog_end": 0.9,
        "fog_color": "#5db7ef",
        "render_distance_type": "render",
        "transition_fog": {
          "init_fog": {
            "fog_start": 0.8999,
            "fog_end": 0.9,
            "fog_color": "#5db7ef",
            "render_distance_type": "render"
          },
          "min_percent": 0.25,
          "mid_seconds": 5,
          "mid_percent": 0.6,
          "max_seconds": 30
        }
      },
      "air": {
        "fog_start": 0.92,
        "fog_end": 1.0,
        "fog_color": "#ABD2FF",
        "render_distance_type": "render"
      },
      "weather": {
        "fog_start": 0.23,
        "fog_end": 0.7,
        "fog_color": "#666666",
        "render_distance_type": "render"
      }
    },
    "volumetric": {
      "density": {
        "air": {
          "max_density": 0.06,
          "max_density_height": 90,
          "zero_density_height": 262
        },
        "weather": {
          "max_density": 0.075,
          "max_density_height": 102,
          "zero_density_height": 262
        }
      },
      "media_coefficients": {
        "air": {
          "scattering": [
            0.046,
            0.03,
            0.045
          ],
          "absorption": [
            0.16,
            0.019,
            0.016
          ]
        },
        "water": {
          "scattering": [
            0.0005,
            0.006,
            0.012
          ],
          "absorption": [
            0.12,
            0.068,
            0.037
          ]
        },
        "cloud": {
          "scattering": [
            0.045,
            0.045,
            0.045
          ],
          "absorption": [
            0.045,
            0.045,
            0.045
          ]
        }
      }
    }
  }
}