{
  "format_version": "1.16.100",
  "minecraft:fog_settings": {
    "description": {
      "identifier": "resource_embedded:cherryfog"
    },
    "distance": {
      "air": {
        "fog_start": 0.9999,
        "fog_end": 1.0,
        "fog_color": "#ABD2FF",
        "render_distance_type": "render"
      },
      "water": {
        "fog_start": 0.0,
        "fog_end": 160.0,
        "fog_color": "#1922b0",
        "render_distance_type": "fixed"
      },
      "weather": {
        "fog_start": 0.17,
        "fog_end": 0.7,
        "fog_color": "#000000",
        "render_distance_type": "render"
      }
    },
    "volumetric": {
      "density": {
        "air": {
          "max_density": 0.05,
          "uniform": false,
          "max_density_height": 120,
          "zero_density_height": 180
          }
      },
      "media_coefficients": {
        "air": {
          "scattering": [ 0.09, 0.09, 0.09 ],
          "absorption": [ 0.1, 0.15, 0.0 ]
          }
        }
      }
    }
  }