{
  "format_version": "1.16.100",
  "minecraft:fog_settings": {
    "description": {
      "identifier": "resource_embedded:deepdark"
    },
    "distance": {
      "air": {
        "fog_start": 0.99,
        "fog_end": 1.0,
        "fog_color": "#ffffff",
        "render_distance_type": "render"
      },
      "water": {
        "fog_start": 0.99,
        "fog_end": 1.0,
        "fog_color": "#ffffff",
        "render_distance_type": "render"
      },
      "weather": {
        "fog_start": 0.24,
        "fog_end": 0.7,
        "fog_color": "#ffffff",
        "render_distance_type": "render"
      }
    },
    "volumetric": {
      "density": {
        "air": {
          "max_density": 0.2,
          "uniform": true
        }
      },
      "media_coefficients": {
        "air": {
          "scattering": [ 0.007, 0.016, 0.05 ],
          "absorption": [ 0.2, 0.07, 0.01 ]
          }
        }
      }
    }
  }