{
  "format_version": "1.21.0",
  "minecraft:fog_settings": {
    "description": {
      "identifier": "minecraft_rtx:fog_desert_mutated"
    },
    "distance": {
      "air": {
        "fog_start": 0.92,
        "fog_end": 1.0,
        "fog_color": "#ABD2FF",
        "render_distance_type": "render"
      },
      "water": {
        "fog_start": 0.4312,
        "fog_end": 0.9,
        "fog_color": "#44AFF5",
        "render_distance_type": "render",
        "transition_fog": {
          "init_fog": {
            "fog_start": 0.8999,
            "fog_end": 0.9,
            "fog_color": "#44AFF5",
            "render_distance_type": "render"
          },
          "min_percent": 0.25,
          "mid_seconds": 5,
          "mid_percent": 0.6,
          "max_seconds": 30
        }
      },
      "weather": {
        "fog_start": 0.23,
        "fog_end": 0.7,
        "fog_color": "#666666",
        "render_distance_type": "render"
      },
      "lava": {
        "fog_start": 0.0,
        "fog_end": 0.64,
        "fog_color": "#991A00",
        "render_distance_type": "fixed"
      },
      "lava_resistance": {
        "fog_start": 2.0,
        "fog_end": 4.0,
        "fog_color": "#991A00",
        "render_distance_type": "fixed"
      }
    },
    "volumetric": {
      "density": {
        "air": {
          "max_density": 0.014,
          "max_density_height": 52,
          "zero_density_height": 320
        },
        "weather": {
          "max_density": 0.0175,
          "max_density_height": 62,
          "zero_density_height": 300
        }
      },
      "media_coefficients": {
        "air": {
          "scattering": [
            0.035,
            0.036,
            0.036
          ],
          "absorption": [
            0.14,
            0.019,
            0.019
          ]
        },
        "water": {
          "scattering": [
            0.0012,
            0.002,
            0.003
          ],
          "absorption": [
            0.13,
            0.1,
            0.085
          ]
        },
        "cloud": {
          "scattering": [
            0.0425,
            0.0425,
            0.0425
          ],
          "absorption": [
            0.0425,
            0.0425,
            0.0425
          ]
        }
      }
    }
  }
}