{
  "format_version": "1.21.0",
  "minecraft:fog_settings": {
    "description": {
      "identifier": "resource_embedded:generalfog"
    },
    "distance": {
      "air": {
        "fog_start": 0.99,
        "fog_end": 1.0,
        "fog_color": "#ABD2FF",
        "render_distance_type": "render"
      },
      "water": {
        "fog_start": 222.0,
        "fog_end": 233.0,
        "fog_color": "#1922b0",
        "render_distance_type": "fixed"
      },
      "weather": {
        "fog_start": 0.17,
        "fog_end": 0.7,
        "fog_color": "#000000",
        "render_distance_type": "render"
      }
    },
    "volumetric": {
      "density": {
        "air": {
          "max_density": 0.001,
          "uniform": false,
          "max_density_height": 0 ,
          "zero_density_height": 0
          },
        "water": {
          "max_density": 0.0,
          "uniform": false
        },
        "weather": {
          "max_density": 0.11,
          "uniform": false,
          "max_density_height": 160,
          "zero_density_height": 190
        }
      },
      "media_coefficients": {
        "air": {
          "scattering": [ 0.0469, 0.0316, 0.0442 ],
          "absorption": [ 0.025, 0.015, 0.0]
        },
        "water": {
          "scattering": [ 0, 0.0, 0.0 ],
          "absorption": [ 0.0, 0.0, 0.0 ]
        },
        "cloud": {
          "scattering": [ 0, 0, 0 ],
          "absorption": [ 0, 0, 0 ]
          }
        }
      }
    }
  }