{
  "format_version": "1.21.0",
  "minecraft:fog_settings": {
    "description": {
      "identifier": "minecraft_rtx:fog_jungle_hills"
    },
    "distance": {
      "water": {
        "fog_start": 0.4312,
        "fog_end": 0.9,
        "fog_color": "#1B9ED8",
        "render_distance_type": "render",
        "transition_fog": {
          "init_fog": {
            "fog_start": 0.8999,
            "fog_end": 0.9,
            "fog_color": "#1B9ED8",
            "render_distance_type": "render"
          },
          "min_percent": 0.25,
          "mid_seconds": 5,
          "mid_percent": 0.6,
          "max_seconds": 30
        }
      },
      "air": {
        "fog_start": 0.92,
        "fog_end": 1.0,
        "fog_color": "#ABD2FF",
        "render_distance_type": "render"
      },
      "weather": {
        "fog_start": 0.23,
        "fog_end": 0.7,
        "fog_color": "#666666",
        "render_distance_type": "render"
      }
    },
    "volumetric": {
      "density": {
        "air": {
          "max_density": 0.043,
          "max_density_height": 46,
          "zero_density_height": 196
        },
        "weather": {
          "max_density": 0.05375,
          "max_density_height": 62,
          "zero_density_height": 190
        }
      },
      "media_coefficients": {
        "air": {
          "scattering": [
            0.0165,
            0.0165,
            0.02
          ],
          "absorption": [
            0.08,
            0.08,
            0.08
          ]
        },
        "water": {
          "scattering": [
            0.00343,
            0.00342,
            0.00345
          ],
          "absorption": "#382A2A"
        },
        "cloud": {
          "scattering": [
            0.045,
            0.045,
            0.045
          ],
          "absorption": [
            0.045,
            0.045,
            0.045
          ]
        }
      }
    }
  }
}