{
  "format_version": "1.21.0",
  "minecraft:fog_settings": {
    "description": {
      "identifier": "minecraft_rtx:fog_lukewarm_ocean"
    },
    "distance": {
      "water": {
        "fog_start": 0.4312,
        "fog_end": 0.9,
        "fog_color": "#0a74c4",
        "render_distance_type": "render",
        "transition_fog": {
          "init_fog": {
            "fog_start": 0.8999,
            "fog_end": 0.9,
            "fog_color": "#0a74c4",
            "render_distance_type": "render"
          },
          "min_percent": 0.25,
          "mid_seconds": 5,
          "mid_percent": 0.6,
          "max_seconds": 30
        }
      },
      "air": {
        "fog_start": 0.92,
        "fog_end": 1.0,
        "fog_color": "#ABD2FF",
        "render_distance_type": "render"
      }
    },
    "volumetric": {
      "density": {
        "air": {
          "max_density": 0.016,
          "max_density_height": 30,
          "zero_density_height": 127
        },
        "weather": {
          "max_density": 0.02,
          "max_density_height": 62,
          "zero_density_height": 127
        },
        "water": {
          "max_density": 1.0,
          "uniform": true
        }
      },
      "media_coefficients": {
        "air": {
          "scattering": [
            0.035,
            0.036,
            0.036
          ],
          "absorption": [
            0.14,
            0.019,
            0.019
          ]
        },
        "water": {
          "scattering": [
            0.0005,
            0.006,
            0.012
          ],
          "absorption": [
            0.12,
            0.068,
            0.04
          ]
        },
        "cloud": {
          "scattering": [
            0.045,
            0.045,
            0.045
          ],
          "absorption": [
            0.045,
            0.045,
            0.045
          ]
        }
      }
    }
  }
}