{
    "format_version": "1.21.0",
    "minecraft:fog_settings": {
      "description": {
        "identifier": "minecraft_rtx:fog_mangrove_swamp"
      },
      "distance": {
        "water": {
          "fog_start": 0.6656,
          "fog_end": 0.9,
          "fog_color": "#4d7a60",
          "render_distance_type": "render",
          "transition_fog": {
            "init_fog": {
              "fog_start": 0.8999,
              "fog_end": 0.9,
              "fog_color": "#4d7a60",
              "render_distance_type": "render"
            },
            "min_percent": 0.25,
            "mid_seconds": 5,
            "mid_percent": 0.6,
            "max_seconds": 30
          }
        },
        "air": {
          "fog_start": 0.92,
          "fog_end": 1,
          "fog_color": "#ABD2FF",
          "render_distance_type": "render"
        },
        "weather": {
          "fog_start": 0.23,
          "fog_end": 0.7,
          "fog_color": "#666666",
          "render_distance_type": "render"
        }
      },
      "volumetric": {
        "density": {
          "air": {
            "max_density": 0.2,
            "max_density_height": 120,
            "zero_density_height": 129
          },
          "weather": {
            "max_density": 0.33,
            "uniform": true
          }
        },
        "media_coefficients": {
          "air": {
            "scattering": [
              0.0029,
              0.0044,
              0.0056
            ],
            "absorption": [
              0.0185,
              0.002,
              0.001
            ]
          },
          "water": {
            "scattering": [
              0.00445,
              0.0061,
              0.00555
            ],
            "absorption": [
              0.165,
              0.126,
              0.134
            ]
          },
          "cloud": {
            "scattering": [
              0.045,
              0.045,
              0.045
            ],
            "absorption": [
              0.045,
              0.045,
              0.045
            ]
          }
        }
      }
    }
  }