{
  "format_version": "1.21.0",
  "minecraft:fog_settings": {
    "description": {
      "identifier": "minecraft_rtx:fog_mushroom_island_shore"
    },
    "distance": {
      "water": {
        "fog_start": 0.4312,
        "fog_end": 0.9,
        "fog_color": "#818193",
        "render_distance_type": "render",
        "transition_fog": {
          "init_fog": {
            "fog_start": 0.8999,
            "fog_end": 0.9,
            "fog_color": "#818193",
            "render_distance_type": "render"
          },
          "min_percent": 0.25,
          "mid_seconds": 5,
          "mid_percent": 0.6,
          "max_seconds": 30
        }
      },
      "air": {
        "fog_start": 0.92,
        "fog_end": 1.0,
        "fog_color": "#ABD2FF",
        "render_distance_type": "render"
      },
      "weather": {
        "fog_start": 0.23,
        "fog_end": 0.7,
        "fog_color": "#666666",
        "render_distance_type": "render"
      }
    },
    "volumetric": {
      "density": {
        "air": {
          "max_density": 0.032,
          "max_density_height": 52,
          "zero_density_height": 320
        },
        "weather": {
          "max_density": 0.04,
          "max_density_height": 62,
          "zero_density_height": 320
        }
      },
      "media_coefficients": {
        "air": {
          "scattering": [
            0.0352,
            0.035,
            0.0348
          ],
          "absorption": [
            0.16,
            0.019,
            0.019
          ]
        },
        "water": {
          "scattering": [
            0.010024,
            0.010024,
            0.008712
          ],
          "absorption": [
            0.13977,
            0.13977,
            0.1213875
          ]
        },
        "cloud": {
          "scattering": [
            0.045,
            0.045,
            0.045
          ],
          "absorption": [
            0.045,
            0.045,
            0.045
          ]
        }
      }
    }
  }
}