{
    "format_version": "1.21.0",
    "minecraft:fog_settings": {
        "description": {
            "identifier": "minecraft_rtx:fog_pale_garden"
        },
        "distance": {
            "air": {
                "fog_start": 0.92,
                "fog_end": 1,
                "fog_color": "#817770",
                "render_distance_type": "render"
            },
            "weather": {
                "fog_start": 0.23,
                "fog_end": 0.7,
                "fog_color": "#403C44",
                "render_distance_type": "render"
            },
            "water": {
                "fog_start": 0.4312,
                "fog_end": 0.9,
                "fog_color": "#556980",
                "render_distance_type": "render",
                "transition_fog": {
                    "init_fog": {
                        "fog_start": 0.8999,
                        "fog_end": 0.9,
                        "fog_color": "#556980",
                        "render_distance_type": "render"
                    },
                    "min_percent": 0.25,
                    "mid_seconds": 5,
                    "mid_percent": 0.6,
                    "max_seconds": 30
                }
            }
        },
        "volumetric": {
            "density": {
                "air": {
                    "max_density": 0.1,
                    "max_density_height": 62,
                    "zero_density_height": 288
                },
                "weather": {
                    "max_density": 0.105,
                    "max_density_height": 74,
                    "zero_density_height": 320
                }
            },
            "media_coefficients": {
                "air": {
                    "scattering": [
                        0.0112,
                        0.0095,
                        0.0175
                    ],
                    "absorption": [
                        0.42,
                        0.444,
                        0.464                                  
                    ]
                },
                "water": {
                    "scattering": [
                        0.0185,
                        0.015,
                        0.025
                    ],
                    "absorption": [
                        0.5,
                        0.45,
                        0.325
                    ]
                },
                "cloud": {
                    "scattering": [
                        0.045,
                        0.045,
                        0.045
                    ],
                    "absorption": [
                        0.045,
                        0.045,
                        0.045
                    ]
                }
            }
        }
    }
}