{
  "format_version": "1.16.100",
  "minecraft:fog_settings": {
    "description": {
      "identifier": "resource_embedded:sandfog"
    },
    "distance": {
      "air": {
        "fog_start": 0.99,
        "fog_end": 1.0,
        "fog_color": "#ABD2FF",
        "render_distance_type": "render"
      },
      "water": {
        "fog_start": 0.0,
        "fog_end": 160.0,
        "fog_color": "#1922b0",
        "render_distance_type": "fixed"
      },
      "weather": {
        "fog_start": 0.24,
        "fog_end": 0.7,
        "fog_color": "#7D7D7D",
        "render_distance_type": "render"
      }
    },
    "volumetric": {
      "density": {
        "air": {
          "max_density": 0.07,
          "uniform": false,
          "max_density_height": 100,
          "zero_density_height": 160
        }
      },
      "media_coefficients": {
        "air": {
          "scattering": [ 0.3, 0.0015, 0.0001 ],
          "absorption": [ 0.000, 0.0002, 0.00010 ]
          }
        }
      }
    }
  }