 {
    "format_version": "1.21.0",
    "minecraft:fog_settings": {
      "description": {
        "identifier": "resource_embedded:snowfog"
      },
      "distance": {
        "air": {
          "fog_start": 0.99,
          "fog_end": 1.0,
          "fog_color": "#ABD2FF",
          "render_distance_type": "render"
        },
        "water": {
          "fog_start": 0.0,
          "fog_end": 160.0,
          "fog_color": "#1922b0",
          "render_distance_type": "fixed"
        },
        "weather": {
          "fog_start": 0.17,
          "fog_end": 0.7,
          "fog_color": "#000000",
          "render_distance_type": "render"
        }
      },
      "volumetric": {
        "density": {
          "air": {
            "max_density": 0.1,
            "uniform": false,
            "max_density_height": 110,
            "zero_density_height": 170
            },
          "water": {
            "max_density": 0.00,
            "uniform": true
          },
          "weather": {
            "max_density": 0.2,
            "uniform": false,
            "max_density_height": 170,
            "zero_density_height": 230
          }
        },
        "media_coefficients": {
          "air": {
            "scattering": [ 0.02, 0.026, 0.05 ],
            "absorption": [ 0.055, 0.03, 0.0 ]
          },
          "water": {
            "scattering": [ 0, 0.0, 0.0 ],
            "absorption": [ 0.0, 0.0, 0.0 ]
          },
          "cloud": {
            "scattering": [ 0, 0, 0 ],
            "absorption": [ 0, 0, 0 ]
            }
          }
        }
      }
    }