{
  "format_version": "1.21.0",
  "minecraft:fog_settings": {
    "description": {
      "identifier": "minecraft_rtx:fog_snowy_slopes"
    },
    "distance": {
      "air": {
        "fog_start": 0.92,
        "fog_end": 1.0,
        "fog_color": "#ABD2FF",
        "render_distance_type": "render"
      },
      "water": {
        "fog_start": 0.4312,
        "fog_end": 0.9,
        "fog_color": "#44AFF5",
        "render_distance_type": "render",
        "transition_fog": {
          "init_fog": {
            "fog_start": 0.8999,
            "fog_end": 0.9,
            "fog_color": "#44AFF5",
            "render_distance_type": "render"
          },
          "min_percent": 0.25,
          "mid_seconds": 5,
          "mid_percent": 0.6,
          "max_seconds": 30
        }
      },
      "weather": {
        "fog_start": 0.23,
        "fog_end": 0.7,
        "fog_color": "#666666",
        "render_distance_type": "render"
      },
      "lava": {
        "fog_start": 0.0,
        "fog_end": 0.64,
        "fog_color": "#991A00",
        "render_distance_type": "fixed"
      },
      "lava_resistance": {
        "fog_start": 2.0,
        "fog_end": 4.0,
        "fog_color": "#991A00",
        "render_distance_type": "fixed"
      }
    },
    "volumetric": {
      "density": {
        "air": {
          "max_density": 0.39,
          "max_density_height": 100,
          "zero_density_height": 320
        },
        "weather": {
          "max_density": 0.4875,
          "max_density_height": 112,
          "zero_density_height": 320
        }
      },
      "media_coefficients": {
        "air": {
          "scattering": [
            0.0055,
            0.005,
            0.019
          ],
          "absorption": [
            0,
            0,
            0
          ]
        },
        "water": {
          "scattering": [
            0.0035,
            0.006,
            0.012
          ],
          "absorption": [
            0.1,
            0.068,
            0.04
          ]
        },
        "cloud": {
          "scattering": [
            0.045,
            0.045,
            0.045
          ],
          "absorption": [
            0.045,
            0.045,
            0.045
          ]
        }
      }
    }
  }
}