{
  "format_version": "1.21.0",
  "minecraft:fog_settings": {
    "description": {
      "identifier": "minecraft_rtx:fog_swampland_mutated"
    },
    "distance": {
      "water": {
        "fog_start": 0.6656,
        "fog_end": 0.9,
        "fog_color": "#4c6156",
        "render_distance_type": "render",
        "transition_fog": {
          "init_fog": {
            "fog_start": 0.8999,
            "fog_end": 0.9,
            "fog_color": "#4c6156",
            "render_distance_type": "render"
          },
          "min_percent": 0.25,
          "mid_seconds": 5,
          "mid_percent": 0.6,
          "max_seconds": 30
        }
      },
      "air": {
        "fog_start": 0.92,
        "fog_end": 1.0,
        "fog_color": "#ABD2FF",
        "render_distance_type": "render"
      },
      "weather": {
        "fog_start": 0.23,
        "fog_end": 0.7,
        "fog_color": "#666666",
        "render_distance_type": "render"
      }
    },
    "volumetric": {
      "density": {
        "air": {
          "max_density": 0.125,
          "max_density_height": 127,
          "zero_density_height": 159
        },
        "weather": {
          "max_density": 0.2,
          "uniform": true
        }
      },
      "media_coefficients": {
        "air": {
          "scattering": [
            0.0079,
            0.0121,
            0.0192
          ],
          "absorption": [
            0.0005,
            0.0,
            0.0008
          ]
        },
        "water": {
          "scattering": [
            0.0099,
            0.009,
            0.01133
          ],
          "absorption": [
            0.675,
            0.4719,
            0.5145
          ]
        },
        "cloud": {
          "scattering": [
            0.045,
            0.045,
            0.045
          ],
          "absorption": [
            0.045,
            0.045,
            0.045
          ]
        }
      }
    }
  }
}