{
  "format_version": "1.21.0",
  "minecraft:fog_settings": {
    "description": {
      "identifier": "minecraft_rtx:fog_the_end"
    },
    "distance": {
      "air": {
        "fog_start": 0.92,
        "fog_end": 1.0,
        "fog_color": "#0B080C",
        "render_distance_type": "render"
      },
      "water": {
        "fog_start": 0.7828,
        "fog_end": 0.9,
        "fog_color": "#62529e",
        "render_distance_type": "render",
        "transition_fog": {
          "init_fog": {
            "fog_start": 0.8999,
            "fog_end": 0.9,
            "fog_color": "#62529e",
            "render_distance_type": "render"
          },
          "min_percent": 0.25,
          "mid_seconds": 5,
          "mid_percent": 0.6,
          "max_seconds": 30
        }
      }
    },
    "volumetric": {
      "density": {
        "air": {
          "max_density": 0.01,
          "max_density_height": 32,
          "zero_density_height": 128
        }
      },
      "media_coefficients": {
        "air": {
          "scattering": "#FAFFF0",
          "absorption": [
            0.0,
            0.0,
            0.0
          ]
        },
        "water": {
          "scattering": "#A6B277",
          "absorption": [
            0.0,
            0.0,
            0.0
          ]
        }
      }
    }
  }
}