{
  "format_version": "1.21.0",
  "minecraft:fog_settings": {
    "description": {
      "identifier": "minecraft_rtx:fog_warped_forest"
    },
    "distance": {
      "air": {
        "fog_start": 10.0,
        "fog_end": 96.0,
        "fog_color": "#1a051A",
        "render_distance_type": "fixed"
      },
      "water": {
        "fog_start": 0.7828,
        "fog_end": 0.9,
        "fog_color": "#905957",
        "render_distance_type": "render",
        "transition_fog": {
          "init_fog": {
            "fog_start": 0.8999,
            "fog_end": 0.9,
            "fog_color": "#905957",
            "render_distance_type": "render"
          },
          "min_percent": 0.25,
          "mid_seconds": 5,
          "mid_percent": 0.6,
          "max_seconds": 30
        }
      },
      "weather": {
        "fog_start": 10.0,
        "fog_end": 96.0,
        "fog_color": "#1a051A",
        "render_distance_type": "fixed"
      }
    },
    "volumetric": {
      "density": {
        "air": {
          "max_density": 0.017,
          "uniform": true
        }
      },
      "media_coefficients": {
        "air": {
          "scattering": "#E5FAE5",
          "absorption": [
            0,
            0,
            0
          ]
        },
        "water": {
          "scattering": "#6FA6A8",
          "absorption": [
            0.0,
            0.0,
            0.0
          ]
        }
      }
    }
  }
}