{
  "biomes": {
    "default": {
      "water_surface_color": "#44AFF5",
      "water_surface_transparency": 1.0,
      "fog_identifier": "completely_normal:default",
      "remove_all_prior_fog": true,
      "inherit_from_prior_fog": false
    },
    "plains": {
      "water_surface_color": "#44AFF5",
      "fog_identifier": "completely_normal:plains",
      "inherit_from_prior_fog": false
    },
    "sunflower_plains": {
      "water_surface_color": "#44AFF5",
      "fog_identifier": "completely_normal:plains",
      "inherit_from_prior_fog": false
    },
    "desert": {
      "water_surface_color": "#63dee2",
      "fog_identifier": "completely_normal:desert",
      "inherit_from_prior_fog": false
    },
    "extreme_hills": {
      "water_surface_color": "#007BF7",
      "fog_identifier": "completely_normal:extreme_hills",
      "inherit_from_prior_fog": false
    },
    "forest": {
      "water_surface_color": "#1E97F2",
      "fog_identifier": "completely_normal:forest",
      "inherit_from_prior_fog": false
    },
    "flower_forest": {
      "water_surface_color": "#20A3CC",
      "fog_identifier": "completely_normal:forest",
      "inherit_from_prior_fog": false
    },
    "taiga": {
      "water_surface_color": "#287082",
      "fog_identifier": "completely_normal:taiga",
      "inherit_from_prior_fog": false
    },
    "taiga_mutated": {
      "water_surface_color": "#1E6B82",
      "fog_identifier": "completely_normal:taiga",
      "inherit_from_prior_fog": false
    },
    "swampland": {
      "water_surface_color" : "#4c6559",
      "water_surface_transparency" : 1.0,
      "fog_identifier": "completely_normal:swamp",
      "inherit_from_prior_fog": false
    },
    "swampland_mutated": {
      "water_surface_color" : "#4c6559",
      "water_surface_transparency" : 1.0,
      "fog_identifier": "completely_normal:swamp",
      "inherit_from_prior_fog": false
    },
    "mangrove_swamp": {
      "water_surface_color": "#3a7a6a",
      "fog_identifier": "completely_normal:mangrove",
      "inherit_from_prior_fog": false
    },
    "river": {
      "water_surface_color": "#0084FF",
      "fog_identifier": "completely_normal:river",
      "inherit_from_prior_fog": false
    },
    "hell": {
      "water_surface_color": "#905957",
      "fog_identifier": "completely_normal:hell",
      "inherit_from_prior_fog": false
    },
    "the_end": {
      "water_surface_color": "#62529e",
      "fog_identifier": "completely_normal:the_end",
      "inherit_from_prior_fog": false
    },
    "frozen_river": {
      "water_surface_color": "#185390",
      "fog_identifier": "completely_normal:ice_plains",
      "inherit_from_prior_fog": false
    },
    "ice_plains": {
      "water_surface_color": "#14559b",
      "fog_identifier": "completely_normal:ice_plains",
      "inherit_from_prior_fog": false
    },
    "ice_plains_spikes": {
      "water_surface_color": "#14559b",
      "fog_identifier": "completely_normal:ice_spikes",
      "inherit_from_prior_fog": false
    },
    "ice_mountains": {
      "water_surface_color": "#1156a7",
      "fog_identifier": "completely_normal:ice_plains",
      "inherit_from_prior_fog": false
    },
    "mushroom_island": {
      "water_surface_color": "#8a8997",
      "fog_identifier": "completely_normal:mushroom_island",
      "inherit_from_prior_fog": false
    },
    "mushroom_island_shore": {
      "water_surface_color": "#818193",
      "fog_identifier": "completely_normal:mushroom_island",
      "inherit_from_prior_fog": false
    },
    "beach": {
      "water_surface_color": "#157cab",
      "fog_identifier": "completely_normal:lukewarm_ocean",
      "inherit_from_prior_fog": false
    },
    "desert_hills": {
      "water_surface_color": "#84ecdd",
      "fog_identifier": "completely_normal:desert",
      "inherit_from_prior_fog": false
    },
    "forest_hills": {
      "water_surface_color": "#056bd1",
      "fog_identifier": "completely_normal:forest",
      "inherit_from_prior_fog": false
    },
    "taiga_hills": {
      "water_surface_color": "#236583",
      "fog_identifier": "completely_normal:taiga",
      "inherit_from_prior_fog": false
    },
    "extreme_hills_edge": {
      "water_surface_color": "#045cd5",
      "fog_identifier": "completely_normal:extreme_hills",
      "inherit_from_prior_fog": false
    },
    "jungle": {
      "water_surface_color": "#3f91a2",
      "fog_identifier": "completely_normal:jungle",
      "inherit_from_prior_fog": false
    },
    "bamboo_jungle": {
      "water_surface_color": "#3f91a2",
      "fog_identifier": "completely_normal:jungle",
      "inherit_from_prior_fog": false
    },
    "jungle_mutated": {
      "water_surface_color": "#3f91a2",
      "fog_identifier": "completely_normal:jungle",
      "inherit_from_prior_fog": false
    },
    "jungle_hills": {
      "water_surface_color": "#3f91a2",
      "fog_identifier": "completely_normal:jungle",
      "inherit_from_prior_fog": false
    },
    "bamboo_jungle_hills": {
      "water_surface_color": "#3f91a2",
      "fog_identifier": "completely_normal:jungle",
      "inherit_from_prior_fog": false
    },
    "jungle_edge": {
      "water_surface_color": "#3f91a2",
      "fog_identifier": "completely_normal:jungle",
      "inherit_from_prior_fog": false
    },
    "stone_beach": {
      "water_surface_color": "#0d67bb",
      "fog_identifier": "completely_normal:extreme_hills",
      "inherit_from_prior_fog": false
    },
    "cold_beach": {
      "water_surface_color": "#1463a5",
      "fog_identifier": "completely_normal:ice_plains",
      "inherit_from_prior_fog": false
    },
    "birch_forest": {
      "water_surface_color": "#0677ce",
      "fog_identifier": "completely_normal:birch_forest",
      "inherit_from_prior_fog": false
    },
    "birch_forest_hills": {
      "water_surface_color": "#0a74c4",
      "fog_identifier": "completely_normal:birch_forest",
      "inherit_from_prior_fog": false
    },
	"old_growth_birch_forest": {
      "water_surface_color": "#0a74c4",
      "fog_identifier": "completely_normal:birch_forest",
      "inherit_from_prior_fog": false
	},
    "roofed_forest": {
      "water_surface_color": "#3B6CD1",
      "fog_identifier": "completely_normal:roofed_forest",
      "inherit_from_prior_fog": false
    },
    "cold_taiga": {
      "water_surface_color": "#205e83",
      "fog_identifier": "completely_normal:cold_taiga",
      "inherit_from_prior_fog": false
    },
    "cold_taiga_mutated": {
      "water_surface_color": "#205e83",
      "fog_identifier": "completely_normal:cold_taiga",
      "inherit_from_prior_fog": false
    },
    "cold_taiga_hills": {
      "water_surface_color": "#245b78",
      "fog_identifier": "completely_normal:cold_taiga",
      "inherit_from_prior_fog": false
    },
    "mega_taiga": {
      "water_surface_color": "#2d6d77",
      "fog_identifier": "completely_normal:taiga",
      "inherit_from_prior_fog": false
    },
    "mega_spruce_taiga": {
      "water_surface_color": "#2d6d77",
      "fog_identifier": "completely_normal:taiga",
      "inherit_from_prior_fog": false
    },
    "mega_taiga_mutated": {
      "water_surface_color": "#2d6d77",
      "fog_identifier": "completely_normal:taiga",
      "inherit_from_prior_fog": false
    },
    "mega_spruce_taiga_mutated": {
      "water_surface_color": "#2d6d77",
      "fog_identifier": "completely_normal:taiga",
      "inherit_from_prior_fog": false
    },
    "mega_taiga_hills": {
      "water_surface_color": "#286378",
      "fog_identifier": "completely_normal:taiga",
      "inherit_from_prior_fog": false
    },
    "extreme_hills_plus_trees": {
      "water_surface_color": "#0E63AB",
      "fog_identifier": "completely_normal:extreme_hills",
      "inherit_from_prior_fog": false
    },
    "extreme_hills_plus_trees_mutated": {
      "water_surface_color": "#0E63AB",
      "fog_identifier": "completely_normal:extreme_hills",
      "inherit_from_prior_fog": false
    },
    "extreme_hills_mutated": {
      "water_surface_color": "#0E63AB",
      "fog_identifier": "completely_normal:extreme_hills",
      "inherit_from_prior_fog": false
    },
    "savanna": {
      "water_surface_color": "#2C8B9C",
      "fog_identifier": "completely_normal:fog_savanna",
      "inherit_from_prior_fog": false
    },
    "savanna_plateau": {
      "water_surface_color": "#2590A8",
      "fog_identifier": "completely_normal:fog_savanna",
      "inherit_from_prior_fog": false
    },
    "savanna_mutated": {
      "water_surface_color": "#2590A8",
      "fog_identifier": "completely_normal:fog_savanna",
      "inherit_from_prior_fog": false
    },
    "mesa": {
      "water_surface_color": "#97bee8",
      "fog_identifier": "completely_normal:mesa",
      "inherit_from_prior_fog": false
    },
    "mesa_bryce": {
      "water_surface_color": "#97bee8",
      "fog_identifier": "completely_normal:mesa",
      "inherit_from_prior_fog": false
    },
    "mesa_mutated": {
      "water_surface_color": "#97bee8",
      "fog_identifier": "completely_normal:mesa",
      "inherit_from_prior_fog": false
    },
    "mesa_plateau_stone": {
      "water_surface_color": "#97bee8",
      "fog_identifier": "completely_normal:mesa",
      "inherit_from_prior_fog": false
    },
    "mesa_plateau": {
      "water_surface_color": "#97bee8",
      "fog_identifier": "completely_normal:mesa",
      "inherit_from_prior_fog": false
    },
    "ocean": {
      "water_surface_color": "#1787D4",
      "fog_identifier": "completely_normal:lukewarm_ocean",
      "inherit_from_prior_fog": false
    },
    "deep_ocean": {
      "water_surface_color": "#1787D4",
      "fog_identifier": "completely_normal:lukewarm_ocean",
      "inherit_from_prior_fog": false
    },
    "warm_ocean": {
      "water_surface_color": "#02B0E5",
      "water_surface_transparency": 0.50,
      "fog_identifier": "completely_normal:warm_ocean",
      "inherit_from_prior_fog": false
    },
    "deep_warm_ocean": {
      "water_surface_color": "#02B0E5",
      "fog_identifier": "completely_normal:warm_ocean",
      "inherit_from_prior_fog": false
    },
    "lukewarm_ocean": {
      "water_surface_color": "#0D96DB",
      "fog_identifier": "completely_normal:lukewarm_ocean",
      "inherit_from_prior_fog": false
    },
    "deep_lukewarm_ocean": {
      "water_surface_color": "#0D96DB",
      "fog_identifier": "completely_normal:lukewarm_ocean",
      "inherit_from_prior_fog": false
    },
    "cold_ocean": {
      "water_surface_color": "#2080C9",
      "fog_identifier": "completely_normal:cold_ocean",
      "inherit_from_prior_fog": false
    },
    "deep_cold_ocean": {
      "water_surface_color": "#2080C9",
      "fog_identifier": "completely_normal:cold_ocean",
      "inherit_from_prior_fog": false
    },
    "frozen_ocean": {
      "water_surface_color": "#2570B5",
      "fog_identifier": "completely_normal:cold_ocean",
      "inherit_from_prior_fog": false
    },
    "deep_frozen_ocean": {
      "water_surface_color": "#2570B5",
      "fog_identifier": "completely_normal:cold_ocean",
      "inherit_from_prior_fog": false
    },
    "warped_forest": {
      "water_surface_color": "#905957",
      "fog_identifier": "completely_normal:warped",
      "inherit_from_prior_fog": false
    },
    "crimson_forest": {
      "water_surface_color": "#905957",
      "fog_identifier": "completely_normal:crimson",
      "inherit_from_prior_fog": false
    },
    "soulsand_valley": {
      "water_surface_color": "#905957",
      "fog_identifier": "completely_normal:soulsand_valley",
      "inherit_from_prior_fog": false
    },
    "basalt_deltas": {
      "water_surface_color": "#3f76e4",
      "fog_identifier": "completely_normal:basalt",
      "inherit_from_prior_fog": false
    },
    "frozen_peaks": {
      "water_surface_color": "#14559b",
      "fog_identifier": "completely_normal:frozen_peaks",
      "inherit_from_prior_fog": false
    },
    "snowy_slopes": {
      "water_surface_color": "#14559b",
      "fog_identifier": "completely_normal:frozen_peaks",
      "inherit_from_prior_fog": false
    },
    "jagged_peaks": {
      "water_surface_color": "#14559b",
      "fog_identifier": "completely_normal:frozen_peaks",
      "inherit_from_prior_fog": false
    },
    "grove": {
      "water_surface_color": "#14559b",
      "fog_identifier": "completely_normal:frozen_peaks",
      "inherit_from_prior_fog": false
    },
    "stony_peaks": {
      "water_surface_color": "#14559b",
      "fog_identifier": "completely_normal:stony_peaks",
      "inherit_from_prior_fog": false
    },
    "deep_dark": {
      "water_surface_color": "#14559b",
      "fog_identifier": "completely_normal:deep_dark",
      "inherit_from_prior_fog": false
    },
    "lush_caves": {
      "water_surface_color": "#14559b",
      "fog_identifier": "completely_normal:lush_caves",
      "inherit_from_prior_fog": false
    },
    "dripstone_caves": {
      "water_surface_color": "#14559b",
      "fog_identifier": "completely_normal:dripstone_caves",
      "inherit_from_prior_fog": false
    },
    "cherry_grove": {
      "water_surface_color": "#5db7ef",
      "fog_identifier": "completely_normal:cherry_grove",
      "inherit_from_prior_fog": false
    },
    "meadow": {
      "water_surface_color": "#14559b",
      "fog_identifier": "completely_normal:frozen_peaks",
      "inherit_from_prior_fog": false
    },
    "pale_garden": {
      "water_surface_color": "#76889D",
      "fog_identifier": "completely_normal:pale_garden",
      "inherit_from_prior_fog": false
    }
  }
}