{
	"format_version": "1.21.40",
    "minecraft:point_light_settings": {
		"colors":{
           
            "minecraft:portal":[150, 30, 255],
            "minecraft:soul_lantern":[31,117,254],
            "minecraft:brown_candle":[100,61,33],
            "minecraft:pink_candle":[197,89,131],
            "minecraft:cave_vines_head_with_berries":[201,72,10],
            "minecraft:lavaoff":[255,69,0],
            "minecraft:beacon":[43,203,192],
            "minecraft:soul_campfire":[31,117,254],
            "minecraft:black_candle":[26,24,39],
            "minecraft:blue_candle":[53,71,154],
            "minecraft:end_rod":[255,255,255],
            "minecraft:calibrated_sculk_sensor":[100,71,158],
            "minecraft:gray_candle":[74,89,90],
            "minecraft:candle":[230,185,140],
            "minecraft:campfire":[255,69,0],
            "minecraft:light_block_0":[255,69,0],
"minecraft:light_block_1":[255,69,0],
"minecraft:light_block_2":[255,69,0],
"minecraft:light_block_3":[255,69,0],
"minecraft:light_block_4":[255,69,0],
"minecraft:light_block_5":[255,69,0],
"minecraft:light_block_6":[255,69,0],
"minecraft:light_block_7":[255,69,0],
"minecraft:light_block_8":[255,69,0],
"minecraft:light_block_9":[255,69,0],
"minecraft:light_block_10":[255,69,0],
"minecraft:light_block_11":[255,69,0],
"minecraft:light_block_12":[255,69,0],
"minecraft:light_block_13":[255,69,0],
"minecraft:light_block_14":[255,69,0],
"minecraft:light_block_15":[255,69,0],
            "minecraft:cauldron":[228,143,48],
            "minecraft:cave_vines_body_with_berries":[201,72,10],
            "minecraft:colored_torch_blue":[0,0,255],
            "minecraft:colored_torch_purple":[255,0,255],
            "minecraft:colored_torch_red":[255,0,0],
            "minecraft:lime_candle":[90,165,16],
            "minecraft:colored_torch_green":[0,255,0],
            "minecraft:conduit":[255,255,255],
            "minecraft:copper_bulb":[255,168,81],
            "minecraft:yellow_candle":[197,152,37],
            "minecraft:shroomlight":[254,135,56],
            "minecraft:crying_obsidian":[96,6,171],
            "minecraft:dragon_egg":[96,6,171],
            "minecraft:cyan_candle":[15,105,104],
            "minecraft:end_gateway":[22,118,131],
            "minecraft:purple_candle":[98,28,156],
            "minecraft:exposed_copper_bulb":[210,126,32],
            "minecraft:fire":[255,69,0],
            "minecraft:glow_lichen":[86,136,117],
            "minecraft:red_candle":[144,33,32],
            "minecraft:oxidized_copper_bulb":[191,113,65],
            "minecraft:lit_furnace":[255,143,0],
            "minecraft:glowstone":[251,218,116],
            "minecraft:magenta_candle":[156,40,148],
            "minecraft:green_candle":[63,83,18],
            "minecraft:soul_fire":[31,117,254],
            "minecraft:lantern":[215,85,35],
            "minecraft:large_amethyst_bud":[100,71,158],
            "minecraft:light_blue_candle":[32,133,197],
            "minecraft:sculk_sensor":[3,65,80],
            "minecraft:sea_pickle":[255,255,255],
            "minecraft:light_gray_candle":[106,109,98],
            "minecraft:lit_blast_furnace":[237,135,10],
            "minecraft:lit_deepslate_redstone_ore":[150,6,6],
            "minecraft:lit_pumpkin":[227,144,29],
            "minecraft:lit_redstone_lamp":[148,105,49],
            "minecraft:lit_redstone_ore":[150,6,6],
            "minecraft:lit_smoker":[237,140,14],
            "minecraft:medium_amethyst_bud":[100,71,158],
            "minecraft:sculk_catalyst":[3,65,80],
            "minecraft:orange_candle":[213,89,0],
            "minecraft:ochre_froglight":[200,147,4],
            "minecraft:small_amethyst_bud":[100,71,158],
            "minecraft:pearlescent_froglight":[98,11,195],
            "minecraft:redstone_torch":[255,15,0],
            "minecraft:redstone_block":[255,0,255],
            "minecraft:respawn_anchor":[131,8,228],
            "minecraft:sea_lantern":[255,255,255],
            "minecraft:soul_torch":[31,117,254],
            "minecraft:torch":[215,85,35],
            "minecraft:trial_spawner":[255,106,0],
            "minecraft:waxed_weathered_copper_bulb":[199,124,74],
            "minecraft:verdant_froglight":[28,205,70],
            "minecraft:weathered_copper_bulb":[199,124,74],
            "minecraft:waxed_copper_bulb":[255,168,81],
            "minecraft:waxed_exposed_copper_bulb":[210,126,32],
            "minecraft:waxed_oxidized_copper_bulb":[191,113,65],
            "minecraft:white_candle":[199,211,211],
            "minecraft:enchanting_table":[0,204,255]
        }
	}
}