{
	"format_version": "1.12.0",
	"minecraft:geometry": [
		{
			"description": {
				"identifier": "geometry.player_layer",
				"texture_width": 64,
				"texture_height": 32,
				"visible_bounds_width": 11876,
				"visible_bounds_height": 6564,
				"visible_bounds_offset": [0, 2969, 0]
			},
			"bones": [
				{
					"name": "head",
					"pivot": [0, 24, 0]
				},
				{
					"name": "leather",
					"parent": "head",
					"pivot": [0, 0, 0]
				},
				{
					"name": "head_layer_l",
					"parent": "leather",
					"pivot": [0, 0, 0],
					"cubes": [
						{
							"origin": [-11, 24, 0.7],
							"size": [22, 8, 4],
							"inflate": 0.5,
							"uv": {
								"north": {"uv": [0, 0], "uv_size": [8, 6]}
							}
						}
					]
				},
				{
					"name": "chest_layer_l",
					"parent": "leather",
					"pivot": [0, 0, 0],
					"cubes": [
						{
							"origin": [-10, 12, 0.7],
							"size": [20, 12, 4],
							"uv": {
								"north": {"uv": [0, 0], "uv_size": [8, 6]}
							}
						}
					]
				},
				{
					"name": "legs_layer_l",
					"parent": "leather",
					"pivot": [0, 0, 0],
					"cubes": [
						{
							"origin": [-10, 4, 0.7],
							"size": [20, 8, 4],
							"uv": {
								"north": {"uv": [0, 0], "uv_size": [8, 6]}
							}
						}
					]
				},
				{
					"name": "feet_layer_l",
					"parent": "leather",
					"pivot": [0, 0, 0],
					"cubes": [
						{
							"origin": [-10, 0, 0.7],
							"size": [20, 4, 4],
							"uv": {
								"north": {"uv": [0, 0], "uv_size": [8, 6]}
							}
						}
					]
				},
				{
					"name": "chain",
					"parent": "head",
					"pivot": [0, 0, 0]
				},
				{
					"name": "head_layer_c",
					"parent": "chain",
					"pivot": [0, 0, 0],
					"cubes": [
						{
							"origin": [-11, 24, 0.7],
							"size": [22, 8, 4],
							"inflate": 0.5,
							"uv": {
								"north": {"uv": [0, 6], "uv_size": [8, 6]}
							}
						}
					]
				},
				{
					"name": "chest_layer_c",
					"parent": "chain",
					"pivot": [0, 0, 0],
					"cubes": [
						{
							"origin": [-10, 12, 0.7],
							"size": [20, 12, 4],
							"uv": {
								"north": {"uv": [0, 6], "uv_size": [8, 6]}
							}
						}
					]
				},
				{
					"name": "legs_layer_c",
					"parent": "chain",
					"pivot": [0, 0, 0],
					"cubes": [
						{
							"origin": [-10, 4, 0.7],
							"size": [20, 8, 4],
							"uv": {
								"north": {"uv": [0, 6], "uv_size": [8, 6]}
							}
						}
					]
				},
				{
					"name": "feet_layer_c",
					"parent": "chain",
					"pivot": [0, 0, 0],
					"cubes": [
						{
							"origin": [-10, 0, 0.7],
							"size": [20, 4, 4],
							"uv": {
								"north": {"uv": [0, 6], "uv_size": [8, 6]}
							}
						}
					]
				},
				{
					"name": "iron",
					"parent": "head",
					"pivot": [0, 0, 0]
				},
				{
					"name": "head_layer_i",
					"parent": "iron",
					"pivot": [0, 0, 0],
					"cubes": [
						{
							"origin": [-11, 24, 0.7],
							"size": [22, 8, 4],
							"inflate": 0.5,
							"uv": {
								"north": {"uv": [0, 12], "uv_size": [8, 6]}
							}
						}
					]
				},
				{
					"name": "chest_layer_i",
					"parent": "iron",
					"pivot": [0, 0, 0],
					"cubes": [
						{
							"origin": [-10, 12, 0.7],
							"size": [20, 12, 4],
							"uv": {
								"north": {"uv": [0, 12], "uv_size": [8, 6]}
							}
						}
					]
				},
				{
					"name": "legs_layer_i",
					"parent": "iron",
					"pivot": [0, 0, 0],
					"cubes": [
						{
							"origin": [-10, 4, 0.7],
							"size": [20, 8, 4],
							"uv": {
								"north": {"uv": [0, 12], "uv_size": [8, 6]}
							}
						}
					]
				},
				{
					"name": "feet_layer_i",
					"parent": "iron",
					"pivot": [0, 0, 0],
					"cubes": [
						{
							"origin": [-10, 0, 0.7],
							"size": [20, 4, 4],
							"uv": {
								"north": {"uv": [0, 12], "uv_size": [8, 6]}
							}
						}
					]
				},
				{
					"name": "diamond",
					"parent": "head",
					"pivot": [0, 0, 0]
				},
				{
					"name": "head_layer_d",
					"parent": "diamond",
					"pivot": [0, 0, 0],
					"cubes": [
						{
							"origin": [-11, 24, 0.7],
							"size": [22, 8, 4],
							"inflate": 0.5,
							"uv": {
								"north": {"uv": [8, 0], "uv_size": [8, 6]}
							}
						}
					]
				},
				{
					"name": "chest_layer_d",
					"parent": "diamond",
					"pivot": [0, 0, 0],
					"cubes": [
						{
							"origin": [-10, 12, 0.7],
							"size": [20, 12, 4],
							"uv": {
								"north": {"uv": [8, 0], "uv_size": [8, 6]}
							}
						}
					]
				},
				{
					"name": "legs_layer_d",
					"parent": "diamond",
					"pivot": [0, 0, 0],
					"cubes": [
						{
							"origin": [-10, 4, 0.7],
							"size": [20, 8, 4],
							"uv": {
								"north": {"uv": [8, 0], "uv_size": [8, 6]}
							}
						}
					]
				},
				{
					"name": "feet_layer_d",
					"parent": "diamond",
					"pivot": [0, 0, 0],
					"cubes": [
						{
							"origin": [-10, 0, 0.7],
							"size": [20, 4, 4],
							"uv": {
								"north": {"uv": [8, 0], "uv_size": [8, 6]}
							}
						}
					]
				},
				{
					"name": "gold",
					"parent": "head",
					"pivot": [0, 0, 0]
				},
				{
					"name": "head_layer_g",
					"parent": "gold",
					"pivot": [0, 0, 0],
					"cubes": [
						{
							"origin": [-11, 24, 0.7],
							"size": [22, 8, 4],
							"inflate": 0.5,
							"uv": {
								"north": {"uv": [8, 6], "uv_size": [8, 6]}
							}
						}
					]
				},
				{
					"name": "chest_layer_g",
					"parent": "gold",
					"pivot": [0, 0, 0],
					"cubes": [
						{
							"origin": [-10, 12, 0.7],
							"size": [20, 12, 4],
							"uv": {
								"north": {"uv": [8, 6], "uv_size": [8, 6]}
							}
						}
					]
				},
				{
					"name": "legs_layer_g",
					"parent": "gold",
					"pivot": [0, 0, 0],
					"cubes": [
						{
							"origin": [-10, 4, 0.7],
							"size": [20, 8, 4],
							"uv": {
								"north": {"uv": [8, 6], "uv_size": [8, 6]}
							}
						}
					]
				},
				{
					"name": "feet_layer_g",
					"parent": "gold",
					"pivot": [0, 0, 0],
					"cubes": [
						{
							"origin": [-10, 0, 0.7],
							"size": [20, 4, 4],
							"uv": {
								"north": {"uv": [8, 6], "uv_size": [8, 6]}
							}
						}
					]
				},
				{
					"name": "elytra",
					"parent": "head",
					"pivot": [0, 0, 0],
					"cubes": [
						{
							"origin": [-14, 11, 1.7],
							"size": [28, 17, 0],
							"uv": {
								"north": {"uv": [8, 12], "uv_size": [8, 6]}
							}
						}
					]
				},
				{
					"name": "turtle",
					"parent": "head",
					"pivot": [0, 0, 0],
					"cubes": [
						{
							"origin": [-11, 24, 0.7],
							"size": [22, 8, 4],
							"inflate": 0.5,
							"uv": {
								"north": {"uv": [16, 0], "uv_size": [8, 6]}
							}
						}
					]
				},
				{
					"name": "netherite",
					"parent": "head",
					"pivot": [0, 0, 0]
				},
				{
					"name": "head_layer_n",
					"parent": "netherite",
					"pivot": [0, 0, 0],
					"cubes": [
						{
							"origin": [-11, 24, 0.7],
							"size": [22, 8, 4],
							"inflate": 0.5,
							"uv": {
								"north": {"uv": [16, 6], "uv_size": [8, 6]}
							}
						}
					]
				},
				{
					"name": "chest_layer_n",
					"parent": "netherite",
					"pivot": [0, 0, 0],
					"cubes": [
						{
							"origin": [-10, 12, 0.7],
							"size": [20, 12, 4],
							"uv": {
								"north": {"uv": [16, 6], "uv_size": [8, 6]}
							}
						}
					]
				},
				{
					"name": "legs_layer_n",
					"parent": "netherite",
					"pivot": [0, 0, 0],
					"cubes": [
						{
							"origin": [-10, 4, 0.7],
							"size": [20, 8, 4],
							"uv": {
								"north": {"uv": [16, 6], "uv_size": [8, 6]}
							}
						}
					]
				},
				{
					"name": "feet_layer_n",
					"parent": "netherite",
					"pivot": [0, 0, 0],
					"cubes": [
						{
							"origin": [-10, 0, 0.7],
							"size": [20, 4, 4],
							"uv": {
								"north": {"uv": [16, 6], "uv_size": [8, 6]}
							}
						}
					]
				},
				{
					"name": "fire",
					"parent": "head",
					"pivot": [0, 0, 0],
					"cubes": [
						{
							"origin": [-10, 0, 0.5],
							"size": [20, 22, 0],
							"uv": {
								"north": {"uv": [0, 19], "uv_size": [12, 13]}
							}
						}
					]
				}
			]
		}
	]
}