{
	"format_version": "1.12.0",
	"minecraft:geometry": [
		{
			"description": {
				"identifier": "geometry.snow_golem.pumpkin",
				"texture_width": 32,
				"texture_height": 32,
				"visible_bounds_width": 2,
				"visible_bounds_height": 3.5,
				"visible_bounds_offset": [0, 1.25, 0]
			},
			"bones": [
				{
					"name": "piece2",
					"pivot": [0, 0, 0]
				},
				{
					"name": "piece1",
					"parent": "piece2",
					"pivot": [0, 11, 0]
				},
				{
					"name": "head",
					"parent": "piece1",
					"pivot": [0, 20, 0]
				},
				{
					"name": "pumpkin",
					"parent": "head",
					"pivot": [0, 25.5, 0],
					"cubes": [
						{
							"origin": [-8, 17.5, -8],
							"size": [16, 16, 16],
							"inflate": -2.9,
							"uv": {
								"north": {"uv": [0, 16], "uv_size": [16, 16]},
								"east": {"uv": [16, 16], "uv_size": [16, 16]},
								"south": {"uv": [16, 16], "uv_size": [16, 16]},
								"west": {"uv": [16, 16], "uv_size": [16, 16]},
								"up": {"uv": [32, 17], "uv_size": [-16, -16]},
								"down": {"uv": [32, 16], "uv_size": [-16, -16]}
							}
						}
					]
				}
			]
		}
	]
}