{
  "format_version": "1.10.0",
  "geometry.villager_v2_levels": {
    "visible_bounds_width": 1.5,
    "visible_bounds_height": 2.5,
    "visible_bounds_offset": [ 0, 1.25, 0 ],
    "bones": [
      {
        "name": "body",
        "locators": {
          "lead_hold": [ 0.0, 40.0, 0.0 ]
        },
        "cubes": [
          {
            "origin": [ -4.0, 12.0, -3.0 ],
            "size": [ 8, 12, 6 ],
            "uv": [ 16, 20 ],
			"inflate": 0.04
          },
          {
            "origin": [ -4.0, 6.0, -3.0 ],
            "size": [ 8, 18, 6 ],
            "uv": [ 0, 38 ],
            "inflate": 0.54
          }
        ]
      }
    ]
  }
}