{
  "format_version": "1.12.0",
  "minecraft:geometry": [
	{
	  "description": {
		"identifier": "geometry.zombie_villager_v2_glasses_fire",
		"texture_width": 2,
		"texture_height": 1,
		"visible_bounds_width": 3,
		"visible_bounds_height": 3,
		"visible_bounds_offset": [0, 1.5, 0]
	},
	  "bones": [
		{
		  "name": "body",
		  "pivot": [0, 0, 0]
		},
		{
		  "name": "head",
		  "parent": "body",
		  "pivot": [0, 24, 0]
		},
		{
		  "name": "helmet",
		  "parent": "head",
		  "pivot": [0, 24, 0]
		},
		{
		  "name": "glasses",
			"parent": "helmet",
			"pivot": [0, 0, 0],
			"cubes": [
			{
			  "origin": [-2.95, 26.3, -4.2],
			  "size": [1.3, 0.1, -0.9],
			  "inflate": 0.5,
			  "uv": {"north": {"uv": [0, 0], "uv_size": [2, 1]}}
			},
			{
			  "origin": [1.65, 26.3, -4.2],
			  "size": [1.3, 0.1, -0.9],
			  "inflate": 0.5,
			  "mirror": true,
			  "uv": {"north": {"uv": [0, 0], "uv_size": [2, 1]}}
			}
		  ]
		},
		{
		  "name": "monocle",
			"parent": "helmet",
			"pivot": [0, 0, 0],
			"cubes": [
			{
			  "origin": [1.6, 27.3, -4.1],
			  "size": [1.4, 0.11, -0.9],
			  "inflate": 0.51,
			  "uv": {"north": {"uv": [0, 0], "uv_size": [2, -1]}}
			}
		  ]
		}
	  ]
    }
  ]
}