{
  "format_version": "1.8.0",
  "geometry.zombie_villager_v2_biomes_fire": {
    "visible_bounds_width": 1.5,
    "visible_bounds_height": 2.5,
    "visible_bounds_offset": [ 0, 1.25, 0 ],
    "texturewidth": 64,
    "textureheight": 64,
    "bones": [
      {
        "name": "head",
        "parent": "body",
        "pivot": [ 0.0, 24.0, 0.0 ],
        "cubes": [
          {
            "origin": [ -4.0, 24.0, -4.0 ],
            "size": [ 8, 10, 8 ],
            "uv": [ 0, 0 ],
            "inflate": 0.3
          },
          {
            "origin": [ -1.0, 23.0, -6.0 ],
            "size": [ 2, 4, 2 ],
            "uv": [ 24, 0 ],
            "inflate": 0.3
          }
        ]
      },
      {
        "name": "helmet",
        "parent": "head",
        "pivot": [ 0.0, 24.0, 0.0 ],
        "cubes": [
          {
            "origin": [ -4.0, 24.0, -4.0 ],
            "size": [ 8, 10, 8 ],
            "uv": [ 32, 0 ],
            "inflate": 0.55
          }
        ]
      },
      {
        "name": "brim",
        "parent": "head",
        "pivot": [ 0.0, 24.0, 0.0 ],
        "bind_pose_rotation": [ -90.0, 0.0, 0.0 ],
        "cubes": [
          {
            "origin": [ -8.0, 16.0, -6.0 ],
            "size": [ 16.0, 16.0, 1.0 ],
            "uv": [ 30.0, 47.0 ],
            "inflate": 0.1
          }
        ]
      },
      {
        "name": "body",
        "parent": "waist",
        "pivot": [ 0.0, 24.0, 0.0 ],
        "cubes": [
          {
            "origin": [ -4.0, 12.0, -3.0 ],
            "size": [ 8, 12, 6 ],
            "uv": [ 16, 20 ],
			"inflate": 0.02
          },
          {
            "origin": [ -4.0, 6.0, -3.0 ],
            "size": [ 8.0, 18.0, 6.0 ],
            "uv": [ 0.0, 38.0 ],
            "inflate": 0.52
          }
        ]
      },
      {
        "name": "waist",
        "neverRender": true,
        "pivot": [ 0.0, 12.0, 0.0 ]
      },
      {
        "name": "rightArm",
        "parent": "body",
        "pivot": [ -5.0, 22.0, 0.0 ],
        "cubes": [
          {
            "origin": [ -8.0, 12.0, -2.0 ],
            "size": [ 4, 12, 4 ],
            "uv": [ 44, 22 ],
			"inflate": 0.03
          }
        ]
      },
      {
        "name": "rightItem",
        "pivot": [ -6, 15, 1 ],
        "neverRender": true,
        "parent": "rightArm"
      },
      {
        "name": "leftArm",
        "parent": "body",
        "mirror": true,
        "pivot": [ 5.0, 22.0, 0.0 ],
        "cubes": [
          {
            "origin": [ 4.0, 12.0, -2.0 ],
            "size": [ 4, 12, 4 ],
            "uv": [ 44, 22 ],
			"inflate": 0.02
          }
        ]
      },
      {
        "name": "leftItem",
        "pivot": [ 6.0, 15.0, 1.0 ],
        "neverRender": true,
        "parent": "leftArm"
      },
      {
        "name": "rightLeg",
        "parent": "body",
        "pivot": [ -2.0, 12.0, 0.0 ],
        "cubes": [
          {
            "origin": [ -4.0, 0.0, -2.0 ],
            "size": [ 4, 12, 4 ],
            "uv": [ 0, 22 ],
			"inflate": 0.02
          }
        ]
      },
      {
        "name": "leftLeg",
        "parent": "body",
        "mirror": true,
        "pivot": [ 2.0, 12.0, 0.0 ],
        "cubes": [
          {
            "origin": [ 0.0, 0.0, -2.0 ],
            "size": [ 4, 12, 4 ],
            "uv": [ 0, 22 ],
			"inflate": 0.02
          }
        ]
      }
    ]
  }
}