{
  "format_version": "1.21.70",
	"minecraft:lighting_settings": {
		"description": {
			"identifier": "the_end"
		},
  "directional_lights": {
    "sun": {
      "illuminance": {
        "0.0": 90, //noon
        "0.19": 90, //day
        "0.22": 60, //early day
        "0.23": 30, //sunset 
        "0.24": 20, //sunset 
        "0.25": 1, //sunset 
        "0.26": 1, //sunset 
        "0.3":0.5, //NIGHT
        "0.3037499785423279":0.5, //NIGHT
        "0.3249999880790710":0.5, //NIGHT
        "0.5": 0.5,  //MIDNIGHT
        "0.6": 0.5,  //NIGHT
        "0.7074999809265137":0.5, //NIGHT
        "0.74": 1,//sunrise
        "0.75": 20,//sunrise
        "0.76": 30,//sunrise
        "0.78": 60, //early day
        "0.795": 90, //early day
        "0.81": 90 //day
        
      },
      "color": { 
      "0.5": [245, 76, 15],
      "0.75": [245, 76, 15],
      "0.82": [200, 147, 102],
      "0.93": [195, 147, 102],
      "1.0": [195, 147, 102],
      "0.07": [195, 147, 102],
      "0.18": [200, 147, 102],
      "0.25": [245, 76, 15],
      "0.35": [245, 76, 15]

    }
  },
    "moon": {
     "illuminance": {
        "0.0": 0.4, //noon
        "0.19": 0.4, //day
        "0.22": 0.4, //early day
        "0.25": 1, //sunset 
        "0.3":1.5, //NIGHT
        "0.3037499785423279":1.5, //NIGHT
        "0.3249999880790710":1.5, //NIGHT
        "0.5": 1.5,  //MIDNIGHT
        "0.6": 1.5,  //NIGHT
        "0.7074999809265137":1.5, //NIGHT
        "0.75": 1,//sunrise
        "0.78": 0.4, //early day
        "0.81": 0.4 //day

      },
      "color": {
        "0.0": [55, 155, 215],
        "0.25": [55, 155, 215],
        "0.35": [55, 155, 215],
        "0.5": [55, 155, 215],
        "0.65": [55, 155, 215],
        "0.75": [55, 155, 215],
        "1.0": [55, 155, 215]
      }
    },
"orbital_offset_degrees": {
      "0.5": 330,
      "0.75": 330,
      "0.82": 330,
      "0.93": 310,
      "0.97": 304,
      "1.0": 304,
      "0.03": 304,
      "0.07": 310,
      "0.18": 330,
      "0.25": 330,
      "0.35": 330

    },
    "chaotic": {
        "illuminance": 300.0,
        "color": [ 255.0, 255.0, 255.0 ]
    }
  },
  "emissive": {
    "desaturation": 0.0
  },
  "ambient": {
      "illuminance": 0.7,
      "color": [40, 22, 120]
    },
    "sky": {
        "intensity": 0.11
    }
}
}
