{
  "probe_regen": {
    "far_plane_scaling": 100.0,
    "texture_format": "R16G16B16A16_FLOAT",
    "regen_triggers": {
      "frames_delta": 1000,
      "gametime_delta": 1,
      "distance_delta": 1000.0,
      "sky_brightness_delta": 600.0,
      "block_brightness_delta": 500.0
    }
  },
  "ibl": {
    "num_samples": 512,
    "dimension": 64,
    "convolution_type": "importance_sampled"
  },
  "ssr_enabled": true,
  "ssr": {
    "enable_gap_fill": true,
    "linear_search_step_count": 300,
    "binary_search_step_count": 20,
    "ray_step_length": 1.0,
    "ray_offset": 0.0,
    "fading_power_horizontal": 3.0,
    "fading_power_vertical": 3.0,
    "fading_distance": 1.0,
    "roughness_cutoff": 0.4,
    "roughness_fade_start": 0.0,
    "thickness": 0.025
  }
}
