{"format_version":"1.21.80","minecraft:water_settings":{"description":{"identifier":"minecraft:default_water"},"particle_concentrations":{"chlorophyll":0.0,"suspended_sediment":2,"cdom":0},"caustics":{"enabled":true,"frame_length":0.03,"texture":"textures/caustics.png","scale":0.15,"power":5},"waves":{"enabled":true,"frequency":2,"octaves":30,"depth":0.13,"sampleWidth":0.009999999776482582,"speed":2,"pull":0.03200000000000003,"mix":0,"frequency_scaling":1,"speed_scaling":1.0,"direction_increment":360,"shape":10}}}