{
  "format_version": "1.16.100", 
  "minecraft:fog_settings": { 
    "description": { 
        "identifier": "deferredplus:fog_default" 
      },
      "volumetric": {
        "density": {
          "water": {
            "max_density": 0.0,
            "zero_density_height": 250.0,    
            "max_density_height": 0.0,            
            "uniform": false                 
          },
          "air": {
            "max_density": 0.1,             
            "zero_density_height": 250.0,    
            "max_density_height": 70.0      
          }
        },
        
  
        "media_coefficients": {
          "water": {
            "scattering": [0.0, 0.0, 0.0],  
            "absorption": [0.0, 0.0, 0.0] 
          },
          "air": {
            "scattering": [0.05, 0.07, 0.12], 
            "absorption": [0.0, 0.0, 0.0]
          }
        }
       
      }
    }
  }
  