{"format_version":"1.21.40","minecraft:color_grading_settings":{"description":{"identifier":"vrd:color_grading"},"color_grading":{"midtones":{"contrast":[1.1,1.1,1.1],"gain":[1,1,1],"gamma":[2.1,2.1,2.1],"offset":[-0.01,-0.01,-0.01],"saturation":[1.0800000429153442,1.0800000429153442,1.0800000429153442]},"highlights":{"enabled":true,"highlightsMin":20,"contrast":[1.0,1.0,1.0],"gain":[1,1,1],"gamma":[2.2,2.2,2.2],"offset":[-0.01,-0.01,-0.01],"saturation":[1.0800000429153442,1.0800000429153442,1.0800000429153442]},"shadows":{"enabled":true,"shadowsMax":1,"contrast":[1.1,1.1,1.1],"gain":[1,1,1],"gamma":[2.1,2.1,2.1],"offset":[-0.01,-0.01,-0.01],"saturation":[1.0800000429153442,1.0800000429153442,1.0800000429153442]}},"tone_mapping":{"operator":"aces"}}}